id,year,state_abbr,race_id,population
0,2009,AK,0,467650
1,2009,AK,1,25161
2,2009,AK,2,91939
3,2009,AK,3,31878
4,2009,AK,4,4269
5,2009,AK,5,50632
6,2010,AK,0,464150
7,2010,AK,1,22655
8,2010,AK,2,98120
9,2010,AK,3,36021
10,2010,AK,4,6317
11,2010,AK,5,54093
12,2011,AK,0,472504
13,2011,AK,1,23426
14,2011,AK,2,97628
15,2011,AK,3,35912
16,2011,AK,4,6848
17,2011,AK,5,55404
18,2012,AK,0,477985
19,2012,AK,1,24219
20,2012,AK,2,98976
21,2012,AK,3,37968
22,2012,AK,4,7363
23,2012,AK,5,56792
24,2013,AK,0,481638
25,2013,AK,1,25033
26,2013,AK,2,101273
27,2013,AK,3,39200
28,2013,AK,4,8013
29,2013,AK,5,56757
30,2014,AK,0,484195
31,2014,AK,1,25148
32,2014,AK,2,102743
33,2014,AK,3,40976
34,2014,AK,4,8335
35,2014,AK,5,58521
36,2015,AK,0,484250
37,2015,AK,1,25022
38,2015,AK,2,101313
39,2015,AK,3,42921
40,2015,AK,4,8841
41,2015,AK,5,61755
42,2016,AK,0,483518
43,2016,AK,1,24443
44,2016,AK,2,103574
45,2016,AK,3,44218
46,2016,AK,4,8862
47,2016,AK,5,62340
48,2017,AK,0,481971
49,2017,AK,1,23702
50,2017,AK,2,104995
51,2017,AK,3,45604
52,2017,AK,4,9075
53,2017,AK,5,62713
54,2018,AK,0,478834
55,2018,AK,1,24129
56,2018,AK,2,106660
57,2018,AK,3,46556
58,2018,AK,4,8849
59,2018,AK,5,62461
60,2019,AK,0,476015
61,2019,AK,1,24205
62,2019,AK,2,109751
63,2019,AK,3,45920
64,2019,AK,4,9204
65,2019,AK,5,60665
66,2020,AK,0,466961
67,2020,AK,1,23894
68,2020,AK,2,107298
69,2020,AK,3,47289
70,2020,AK,4,10485
71,2020,AK,5,68832
72,2021,AK,0,458520
73,2021,AK,1,23721
74,2021,AK,2,107531
75,2021,AK,3,47213
76,2021,AK,4,10766
77,2021,AK,5,73946
78,2009,AL,0,3256941
79,2009,AL,1,1209938
80,2009,AL,2,22969
81,2009,AL,3,46655
82,2009,AL,4,2025
83,2009,AL,5,56490
84,2010,AL,0,3293917
85,2010,AL,1,1232325
86,2010,AL,2,25814
87,2010,AL,3,51219
88,2010,AL,4,1769
89,2010,AL,5,61370
90,2011,AL,0,3307557
91,2011,AL,1,1244112
92,2011,AL,2,26399
93,2011,AL,3,52668
94,2011,AL,4,1256
95,2011,AL,5,65673
96,2012,AL,0,3321318
97,2012,AL,1,1256097
98,2012,AL,2,26166
99,2012,AL,3,54923
100,2012,AL,4,1298
101,2012,AL,5,66839
102,2013,AL,0,3326188
103,2013,AL,1,1262152
104,2013,AL,2,25278
105,2013,AL,3,56831
106,2013,AL,4,1387
107,2013,AL,5,72145
108,2014,AL,0,3327891
109,2014,AL,1,1269808
110,2014,AL,2,25181
111,2014,AL,3,58322
112,2014,AL,4,1430
113,2014,AL,5,76428
114,2015,AL,0,3325464
115,2015,AL,1,1276544
116,2015,AL,2,23850
117,2015,AL,3,59599
118,2015,AL,4,2439
119,2015,AL,5,81646
120,2016,AL,0,3325037
121,2016,AL,1,1282053
122,2016,AL,2,23919
123,2016,AL,3,60744
124,2016,AL,4,2008
125,2016,AL,5,85412
126,2017,AL,0,3317702
127,2017,AL,1,1287167
128,2017,AL,2,25098
129,2017,AL,3,62815
130,2017,AL,4,2213
131,2017,AL,5,88834
132,2018,AL,0,3317453
133,2018,AL,1,1293186
134,2018,AL,2,25576
135,2018,AL,3,64609
136,2018,AL,4,2182
137,2018,AL,5,91619
138,2019,AL,0,3320247
139,2019,AL,1,1299048
140,2019,AL,2,25565
141,2019,AL,3,66270
142,2019,AL,4,2238
143,2019,AL,5,92220
144,2020,AL,0,3302834
145,2020,AL,1,1301319
146,2020,AL,2,24764
147,2020,AL,3,67909
148,2020,AL,4,2042
149,2020,AL,5,119322
150,2021,AL,0,3338590
151,2021,AL,1,1324233
152,2021,AL,2,21661
153,2021,AL,3,70161
154,2021,AL,4,1702
155,2021,AL,5,155315
156,2009,AR,0,2228798
157,2009,AR,1,439355
158,2009,AR,2,19233
159,2009,AR,3,31120
160,2009,AR,4,2505
161,2009,AR,5,49997
162,2010,AR,0,2253875
163,2010,AR,1,445197
164,2010,AR,2,19192
165,2010,AR,3,33327
166,2010,AR,4,4133
167,2010,AR,5,51578
168,2011,AR,0,2271277
169,2011,AR,1,449283
170,2011,AR,2,17239
171,2011,AR,3,34815
172,2011,AR,4,5031
173,2011,AR,5,54283
174,2012,AR,0,2285577
175,2012,AR,1,453062
176,2012,AR,2,17390
177,2012,AR,3,35744
178,2012,AR,4,5516
179,2012,AR,5,56104
180,2013,AR,0,2295446
181,2013,AR,1,454903
182,2013,AR,2,17945
183,2013,AR,3,37776
184,2013,AR,4,5697
185,2013,AR,5,58307
186,2014,AR,0,2306073
187,2014,AR,1,458136
188,2014,AR,2,18337
189,2014,AR,3,38409
190,2014,AR,4,6278
191,2014,AR,5,59238
192,2015,AR,0,2307849
193,2015,AR,1,459748
194,2015,AR,2,18409
195,2015,AR,3,40336
196,2015,AR,4,6845
197,2015,AR,5,62537
198,2016,AR,0,2307136
199,2016,AR,1,460638
200,2016,AR,2,18697
201,2016,AR,3,41539
202,2016,AR,4,6738
203,2016,AR,5,66079
204,2017,AR,0,2302141
205,2017,AR,1,459969
206,2017,AR,2,19476
207,2017,AR,3,42368
208,2017,AR,4,7062
209,2017,AR,5,71822
210,2018,AR,0,2302874
211,2018,AR,1,460970
212,2018,AR,2,20037
213,2018,AR,3,43988
214,2018,AR,4,7969
215,2018,AR,5,75852
216,2019,AR,0,2301044
217,2019,AR,1,459542
218,2019,AR,2,20434
219,2019,AR,3,45504
220,2019,AR,4,8733
221,2019,AR,5,80537
222,2020,AR,0,2269959
223,2020,AR,1,457840
224,2020,AR,2,19146
225,2020,AR,3,46130
226,2020,AR,4,10455
227,2020,AR,5,119980
228,2021,AR,0,2227020
229,2021,AR,1,458086
230,2021,AR,2,17459
231,2021,AR,3,46388
232,2021,AR,4,10627
233,2021,AR,5,159103
234,2009,AZ,0,4906936
235,2009,AZ,1,227282
236,2009,AZ,2,284265
237,2009,AZ,3,153301
238,2009,AZ,4,11045
239,2009,AZ,5,164255
240,2010,AZ,0,4883606
241,2010,AZ,1,240655
242,2010,AZ,2,278336
243,2010,AZ,3,166663
244,2010,AZ,4,12038
245,2010,AZ,5,166541
246,2011,AZ,0,4987541
247,2011,AZ,1,252127
248,2011,AZ,2,280986
249,2011,AZ,3,172290
250,2011,AZ,4,11933
251,2011,AZ,5,172310
252,2012,AZ,0,5085954
253,2012,AZ,1,262284
254,2012,AZ,2,283805
255,2012,AZ,3,177598
256,2012,AZ,4,12506
257,2012,AZ,5,179981
258,2013,AZ,0,5131739
259,2013,AZ,1,270027
260,2013,AZ,2,286953
261,2013,AZ,3,182953
262,2013,AZ,4,12607
263,2013,AZ,5,191265
264,2014,AZ,0,5174082
265,2014,AZ,1,274380
266,2014,AZ,2,290780
267,2014,AZ,3,191071
268,2014,AZ,4,12638
269,2014,AZ,5,200532
270,2015,AZ,0,5210335
271,2015,AZ,1,281576
272,2015,AZ,2,294721
273,2015,AZ,3,200090
274,2015,AZ,4,12471
275,2015,AZ,5,211845
276,2016,AZ,0,5235158
277,2016,AZ,1,287110
278,2016,AZ,2,296732
279,2016,AZ,3,205229
280,2016,AZ,4,12863
281,2016,AZ,5,222579
282,2017,AZ,0,5277661
283,2017,AZ,1,292831
284,2017,AZ,2,300182
285,2017,AZ,3,213417
286,2017,AZ,4,13364
287,2017,AZ,5,237908
288,2018,AZ,0,5364141
289,2018,AZ,1,305259
290,2018,AZ,2,309580
291,2018,AZ,3,228887
292,2018,AZ,4,14112
293,2018,AZ,5,252883
294,2019,AZ,0,5444453
295,2019,AZ,1,317462
296,2019,AZ,2,317414
297,2019,AZ,3,233213
298,2019,AZ,4,14458
299,2019,AZ,5,263037
300,2020,AZ,0,5292498
301,2020,AZ,1,325105
302,2020,AZ,2,311014
303,2020,AZ,3,239190
304,2020,AZ,4,14633
305,2020,AZ,5,499597
306,2021,AZ,0,4985729
307,2021,AZ,1,318827
308,2021,AZ,2,300862
309,2021,AZ,3,234495
310,2021,AZ,4,13979
311,2021,AZ,5,735021
312,2009,CA,0,22258042
313,2009,CA,1,2249404
314,2009,CA,2,283031
315,2009,CA,3,4473292
316,2009,CA,4,132535
317,2009,CA,5,1272989
318,2010,CA,0,22392713
319,2010,CA,1,2246311
320,2010,CA,2,283628
321,2010,CA,3,4747252
322,2010,CA,4,140429
323,2010,CA,5,1378348
324,2011,CA,0,22860341
325,2011,CA,1,2252129
326,2011,CA,2,287712
327,2011,CA,3,4825271
328,2011,CA,4,141382
329,2011,CA,5,1459887
330,2012,CA,0,23252553
331,2012,CA,1,2254160
332,2012,CA,2,291505
333,2012,CA,3,4921543
334,2012,CA,4,144236
335,2012,CA,5,1546851
336,2013,CA,0,23467167
337,2013,CA,1,2255372
338,2013,CA,2,286397
339,2013,CA,3,5005635
340,2013,CA,4,146290
341,2013,CA,5,1627359
342,2014,CA,0,23650913
343,2014,CA,1,2262323
344,2014,CA,2,287360
345,2014,CA,3,5130536
346,2014,CA,4,147286
347,2014,CA,5,1698173
348,2015,CA,0,23747013
349,2015,CA,1,2265387
350,2015,CA,2,287028
351,2015,CA,3,5261978
352,2015,CA,4,150370
353,2015,CA,5,1734897
354,2016,CA,0,23680584
355,2016,CA,1,2261835
356,2016,CA,2,285512
357,2016,CA,3,5354608
358,2016,CA,4,150908
359,2016,CA,5,1787159
360,2017,CA,0,23607242
361,2017,CA,1,2263222
362,2017,CA,2,292018
363,2017,CA,3,5503672
364,2017,CA,4,152027
365,2017,CA,5,1834714
366,2018,CA,0,23529068
367,2018,CA,1,2267875
368,2018,CA,2,296475
369,2018,CA,3,5604339
370,2018,CA,4,153366
371,2018,CA,5,1882227
372,2019,CA,0,23453222
373,2019,CA,1,2274108
374,2019,CA,2,303998
375,2019,CA,3,5692423
376,2019,CA,4,155290
377,2019,CA,5,1922664
378,2020,CA,0,22053721
379,2020,CA,1,2250962
380,2020,CA,2,311629
381,2020,CA,3,5834312
382,2020,CA,4,149636
383,2020,CA,5,3122016
384,2021,CA,0,20553732
385,2021,CA,1,2233258
386,2021,CA,2,360607
387,2021,CA,3,5887396
388,2021,CA,4,148278
389,2021,CA,5,4235217
390,2009,CO,0,4055379
391,2009,CO,1,186598
392,2009,CO,2,46018
393,2009,CO,3,125336
394,2009,CO,4,5030
395,2009,CO,5,142611
396,2010,CO,0,4082565
397,2010,CO,1,190598
398,2010,CO,2,47022
399,2010,CO,3,133134
400,2010,CO,4,5757
401,2010,CO,5,150461
402,2011,CO,0,4167044
403,2011,CO,1,195640
404,2011,CO,2,48201
405,2011,CO,3,134228
406,2011,CO,4,5798
407,2011,CO,5,159786
408,2012,CO,0,4243753
409,2012,CO,1,201424
410,2012,CO,2,49099
411,2012,CO,3,136882
412,2012,CO,4,6034
413,2012,CO,5,166828
414,2013,CO,0,4301096
415,2013,CO,1,203755
416,2013,CO,2,49177
417,2013,CO,3,141719
418,2013,CO,4,6549
419,2013,CO,5,175035
420,2014,CO,0,4364911
421,2014,CO,1,209062
422,2014,CO,2,49917
423,2014,CO,3,146561
424,2014,CO,4,6641
425,2014,CO,5,180206
426,2015,CO,0,4446095
427,2015,CO,1,213787
428,2015,CO,2,50008
429,2015,CO,3,153467
430,2015,CO,4,7695
431,2015,CO,5,183480
432,2016,CO,0,4517058
433,2016,CO,1,219349
434,2016,CO,2,50160
435,2016,CO,3,157523
436,2016,CO,4,7441
437,2016,CO,5,183735
438,2017,CO,0,4576201
439,2017,CO,1,221155
440,2017,CO,2,51406
441,2017,CO,3,164771
442,2017,CO,4,8580
443,2017,CO,5,188909
444,2018,CO,0,4655584
445,2018,CO,1,227938
446,2018,CO,2,54483
447,2018,CO,3,172695
448,2018,CO,4,8296
449,2018,CO,5,197328
450,2019,CO,0,4712574
451,2019,CO,1,233647
452,2019,CO,2,54847
453,2019,CO,3,178147
454,2019,CO,4,8643
455,2019,CO,5,205724
456,2020,CO,0,4634305
457,2020,CO,1,235692
458,2020,CO,2,53671
459,2020,CO,3,181733
460,2020,CO,4,8883
461,2020,CO,5,337229
462,2021,CO,0,4507448
463,2021,CO,1,234065
464,2021,CO,2,53143
465,2021,CO,3,183391
466,2021,CO,4,8192
467,2021,CO,5,478070
468,2009,CT,0,2792362
469,2009,CT,1,330186
470,2009,CT,2,8169
471,2009,CT,3,117515
472,2009,CT,4,1292
473,2009,CT,5,69630
474,2010,CT,0,2795926
475,2010,CT,1,342764
476,2010,CT,2,7959
477,2010,CT,3,129904
478,2010,CT,4,1332
479,2010,CT,5,78792
480,2011,CT,0,2796198
481,2011,CT,1,347941
482,2011,CT,2,8104
483,2011,CT,3,134108
484,2011,CT,4,1327
485,2011,CT,5,82104
486,2012,CT,0,2802217
487,2012,CT,1,355660
488,2012,CT,2,8531
489,2012,CT,3,138355
490,2012,CT,4,1472
491,2012,CT,5,87718
492,2013,CT,0,2792554
493,2013,CT,1,361668
494,2013,CT,2,8770
495,2013,CT,3,141709
496,2013,CT,4,1304
497,2013,CT,5,94111
498,2014,CT,0,2789105
499,2014,CT,1,365871
500,2014,CT,2,8036
501,2014,CT,3,145842
502,2014,CT,4,1105
503,2014,CT,5,98797
504,2015,CT,0,2778362
505,2015,CT,1,370501
506,2015,CT,2,8908
507,2015,CT,3,150670
508,2015,CT,4,981
509,2015,CT,5,101919
510,2016,CT,0,2768080
511,2016,CT,1,372696
512,2016,CT,2,9399
513,2016,CT,3,152782
514,2016,CT,4,1031
515,2016,CT,5,106988
516,2017,CT,0,2757064
517,2017,CT,1,376240
518,2017,CT,2,9385
519,2017,CT,3,156450
520,2017,CT,4,931
521,2017,CT,5,110654
522,2018,CT,0,2734880
523,2018,CT,1,378262
524,2018,CT,2,9698
525,2018,CT,3,158817
526,2018,CT,4,1173
527,2018,CT,5,113430
528,2019,CT,0,2714031
529,2019,CT,1,383416
530,2019,CT,2,9955
531,2019,CT,3,161257
532,2019,CT,4,1123
533,2019,CT,5,119000
534,2020,CT,0,2649994
535,2020,CT,1,382161
536,2020,CT,2,9079
537,2020,CT,3,163262
538,2020,CT,4,1189
539,2020,CT,5,172647
540,2021,CT,0,2595884
541,2021,CT,1,389290
542,2021,CT,2,8714
543,2021,CT,3,167308
544,2021,CT,4,1262
545,2021,CT,5,227267
546,2009,DC,0,210983
547,2009,DC,1,324631
548,2009,DC,2,1573
549,2009,DC,3,17439
550,2009,DC,4,426
551,2009,DC,5,9446
552,2010,DC,0,222375
553,2010,DC,1,309048
554,2010,DC,2,1625
555,2010,DC,3,20323
556,2010,DC,4,362
557,2010,DC,5,10646
558,2011,DC,0,231122
559,2011,DC,1,308516
560,2011,DC,2,1779
561,2011,DC,3,20773
562,2011,DC,4,311
563,2011,DC,5,11359
564,2012,DC,0,239413
565,2012,DC,1,309263
566,2012,DC,2,2143
567,2012,DC,3,21440
568,2012,DC,4,312
569,2012,DC,5,12536
570,2013,DC,0,248141
571,2013,DC,1,310530
572,2013,DC,2,1990
573,2013,DC,3,21845
574,2013,DC,4,233
575,2013,DC,5,14467
576,2014,DC,0,254955
577,2014,DC,1,314138
578,2014,DC,2,2072
579,2014,DC,3,22785
580,2014,DC,4,195
581,2014,DC,5,15592
582,2015,DC,0,260325
583,2015,DC,1,316447
584,2015,DC,2,2154
585,2015,DC,3,23822
586,2015,DC,4,250
587,2015,DC,5,17327
588,2016,DC,0,266035
589,2016,DC,1,318598
590,2016,DC,2,2174
591,2016,DC,3,24036
592,2016,DC,4,271
593,2016,DC,5,18245
594,2017,DC,0,273471
595,2017,DC,1,321062
596,2017,DC,2,1757
597,2017,DC,3,25558
598,2017,DC,4,289
599,2017,DC,5,19293
600,2018,DC,0,280469
601,2018,DC,1,321317
602,2018,DC,2,1993
603,2018,DC,3,26718
604,2018,DC,4,340
605,2018,DC,5,20143
606,2019,DC,0,285857
607,2019,DC,1,320811
608,2019,DC,2,2091
609,2019,DC,3,27592
610,2019,DC,4,376
611,2019,DC,5,21445
612,2020,DC,0,288306
613,2020,DC,1,318631
614,2020,DC,2,2438
615,2020,DC,3,28762
616,2020,DC,4,328
617,2020,DC,5,29745
618,2021,DC,0,276373
619,2021,DC,1,305109
620,2021,DC,2,1984
621,2021,DC,3,27988
622,2021,DC,4,359
623,2021,DC,5,38857
624,2009,DE,0,626289
625,2009,DE,1,176743
626,2009,DE,2,2588
627,2009,DE,3,25084
628,2009,DE,4,134
629,2009,DE,5,14894
630,2010,DE,0,626426
631,2010,DE,1,185253
632,2010,DE,2,3076
633,2010,DE,3,27914
634,2010,DE,4,457
635,2010,DE,5,18237
636,2011,DE,0,630804
637,2011,DE,1,188519
638,2011,DE,2,3109
639,2011,DE,3,28726
640,2011,DE,4,442
641,2011,DE,5,19435
642,2012,DE,0,634259
643,2012,DE,1,192629
644,2012,DE,2,2877
645,2012,DE,3,29177
646,2012,DE,4,377
647,2012,DE,5,20916
648,2013,DE,0,635474
649,2013,DE,1,194964
650,2013,DE,2,3010
651,2013,DE,3,30422
652,2013,DE,4,567
653,2013,DE,5,23066
654,2014,DE,0,639354
655,2014,DE,1,198028
656,2014,DE,2,3134
657,2014,DE,3,31745
658,2014,DE,4,494
659,2014,DE,5,23936
660,2015,DE,0,642623
661,2015,DE,1,200481
662,2015,DE,2,3140
663,2015,DE,3,33643
664,2015,DE,4,306
665,2015,DE,5,25266
666,2016,DE,0,647002
667,2016,DE,1,203027
668,2016,DE,2,3494
669,2016,DE,3,34428
670,2016,DE,4,461
671,2016,DE,5,25831
672,2017,DE,0,652170
673,2017,DE,1,206290
674,2017,DE,2,3482
675,2017,DE,3,36553
676,2017,DE,4,465
677,2017,DE,5,26260
678,2018,DE,0,654905
679,2018,DE,1,209892
680,2018,DE,2,3455
681,2018,DE,3,36723
682,2018,DE,4,477
683,2018,DE,5,26009
684,2019,DE,0,658237
685,2019,DE,1,212302
686,2019,DE,2,3729
687,2019,DE,3,37009
688,2019,DE,4,542
689,2019,DE,5,27079
690,2020,DE,0,652587
691,2020,DE,1,212795
692,2020,DE,2,3560
693,2020,DE,3,38528
694,2020,DE,4,705
695,2020,DE,5,37567
696,2021,DE,0,645409
697,2021,DE,1,215745
698,2021,DE,2,3064
699,2021,DE,3,39684
700,2021,DE,4,383
701,2021,DE,5,49512
702,2009,FL,0,13958847
703,2009,FL,1,2799699
704,2009,FL,2,54985
705,2009,FL,3,417740
706,2009,FL,4,9959
707,2009,FL,5,331066
708,2010,FL,0,14115228
709,2010,FL,1,2900412
710,2010,FL,2,54570
711,2010,FL,3,444584
712,2010,FL,4,10797
713,2010,FL,5,361900
714,2011,FL,0,14270053
715,2011,FL,1,2946899
716,2011,FL,2,58192
717,2011,FL,3,455403
718,2011,FL,4,11005
719,2011,FL,5,382884
720,2012,FL,0,14438364
721,2012,FL,1,3005551
722,2012,FL,2,58119
723,2012,FL,3,464587
724,2012,FL,4,11575
725,2012,FL,5,409903
726,2013,FL,0,14568521
727,2013,FL,1,3056152
728,2013,FL,2,58390
729,2013,FL,3,475905
730,2013,FL,4,11258
731,2013,FL,5,430455
732,2014,FL,0,14747196
733,2014,FL,1,3114841
734,2014,FL,2,59121
735,2014,FL,3,490833
736,2014,FL,4,12128
737,2014,FL,5,453399
738,2015,FL,0,14934702
739,2015,FL,1,3171108
740,2015,FL,2,54569
741,2015,FL,3,509085
742,2015,FL,4,11024
743,2015,FL,5,472082
744,2016,FL,0,15130748
745,2016,FL,1,3216994
746,2016,FL,2,52904
747,2016,FL,3,521272
748,2016,FL,4,11288
749,2016,FL,5,495368
750,2017,FL,0,15343997
751,2017,FL,1,3270863
752,2017,FL,2,56730
753,2017,FL,3,543394
754,2017,FL,4,12342
755,2017,FL,5,514823
756,2018,FL,0,15529098
757,2018,FL,1,3316376
758,2018,FL,2,58118
759,2018,FL,3,559168
760,2018,FL,4,12887
761,2018,FL,5,542340
762,2019,FL,0,15702256
763,2019,FL,1,3359031
764,2019,FL,2,59320
765,2019,FL,3,571276
766,2019,FL,4,12653
767,2019,FL,5,572021
768,2020,FL,0,15199588
769,2020,FL,1,3381061
770,2020,FL,2,55655
771,2020,FL,3,590668
772,2020,FL,4,13339
773,2020,FL,5,1277017
774,2021,FL,0,14449017
775,2021,FL,1,3358469
776,2021,FL,2,54466
777,2021,FL,3,596862
778,2021,FL,4,13065
779,2021,FL,5,2001725
780,2009,GA,0,5899345
781,2009,GA,1,2818524
782,2009,GA,2,23947
783,2009,GA,3,268831
784,2009,GA,4,4988
785,2009,GA,5,132569
786,2010,GA,0,5788255
787,2010,GA,1,2873069
788,2010,GA,2,23234
789,2010,GA,3,296986
790,2010,GA,4,4850
791,2010,GA,5,143911
792,2011,GA,0,5849795
793,2011,GA,1,2922448
794,2011,GA,2,23979
795,2011,GA,3,308677
796,2011,GA,4,4653
797,2011,GA,5,160652
798,2012,GA,0,5903173
799,2012,GA,1,2970481
800,2012,GA,2,24937
801,2012,GA,3,318530
802,2012,GA,4,4498
803,2012,GA,5,178503
804,2013,GA,0,5948977
805,2013,GA,1,3010984
806,2013,GA,2,24496
807,2013,GA,3,330392
808,2013,GA,4,4554
809,2013,GA,5,193170
810,2014,GA,0,5989234
811,2014,GA,1,3056726
812,2014,GA,2,25137
813,2014,GA,3,344195
814,2014,GA,4,4317
815,2014,GA,5,200871
816,2015,GA,0,6025691
817,2015,GA,1,3096757
818,2015,GA,2,25887
819,2015,GA,3,360448
820,2015,GA,4,4704
821,2015,GA,5,213803
822,2016,GA,0,6039389
823,2016,GA,1,3148134
824,2016,GA,2,28950
825,2016,GA,3,373983
826,2016,GA,4,4916
827,2016,GA,5,222457
828,2017,GA,0,6061821
829,2017,GA,1,3195268
830,2017,GA,2,30552
831,2017,GA,3,388946
832,2017,GA,4,5237
833,2017,GA,5,237241
834,2018,GA,0,6079976
835,2018,GA,1,3239300
836,2018,GA,2,33484
837,2018,GA,3,402501
838,2018,GA,4,6095
839,2018,GA,5,252448
840,2019,GA,0,6098889
841,2019,GA,1,3289020
842,2019,GA,2,37440
843,2019,GA,3,414481
844,2019,GA,4,6233
845,2019,GA,5,265912
846,2020,GA,0,6020265
847,2020,GA,1,3319844
848,2020,GA,2,34962
849,2020,GA,3,434603
850,2020,GA,4,7127
851,2020,GA,5,393169
852,2021,GA,0,5934931
853,2021,GA,1,3350903
854,2021,GA,2,34928
855,2021,GA,3,448181
856,2021,GA,4,6894
857,2021,GA,5,514903
858,2009,HI,0,344681
859,2009,HI,1,30995
860,2009,HI,2,3781
861,2009,HI,3,493178
862,2009,HI,4,112940
863,2009,HI,5,278005
864,2010,HI,0,333842
865,2010,HI,1,21170
866,2010,HI,2,3506
867,2010,HI,3,525848
868,2010,HI,4,127661
869,2010,HI,5,305600
870,2011,HI,0,335908
871,2011,HI,1,21628
872,2011,HI,2,3198
873,2011,HI,3,524274
874,2011,HI,4,129157
875,2011,HI,5,316096
876,2012,HI,0,339079
877,2012,HI,1,22399
878,2012,HI,2,3079
879,2012,HI,3,527745
880,2012,HI,4,133873
881,2012,HI,5,320311
882,2013,HI,0,344488
883,2013,HI,1,24532
884,2013,HI,2,3050
885,2013,HI,3,526743
886,2013,HI,4,134733
887,2013,HI,5,327334
888,2014,HI,0,350634
889,2014,HI,1,26913
890,2014,HI,2,2725
891,2014,HI,3,529907
892,2014,HI,4,138735
893,2014,HI,5,328433
894,2015,HI,0,357164
895,2015,HI,1,28688
896,2015,HI,2,3012
897,2015,HI,3,530551
898,2015,HI,4,138901
899,2015,HI,5,333119
900,2016,HI,0,353643
901,2016,HI,1,25871
902,2016,HI,2,2715
903,2016,HI,3,537363
904,2016,HI,4,143973
905,2016,HI,5,336629
906,2017,HI,0,357308
907,2017,HI,1,25884
908,2017,HI,2,2756
909,2017,HI,3,540556
910,2017,HI,4,142600
911,2017,HI,5,338498
912,2018,HI,0,355612
913,2018,HI,1,26266
914,2018,HI,2,2987
915,2018,HI,3,536842
916,2018,HI,4,143274
917,2018,HI,5,341756
918,2019,HI,0,354847
919,2019,HI,1,26025
920,2019,HI,2,3710
921,2019,HI,3,537355
922,2019,HI,4,142997
923,2019,HI,5,339727
924,2020,HI,0,342923
925,2020,HI,1,26717
926,2020,HI,2,3508
927,2020,HI,3,534519
928,2020,HI,4,147698
929,2020,HI,5,344918
930,2021,HI,0,344295
931,2021,HI,1,28142
932,2021,HI,2,4286
933,2021,HI,3,544643
934,2021,HI,4,153485
935,2021,HI,5,355014
936,2009,IA,0,2759828
937,2009,IA,1,72103
938,2009,IA,2,9404
939,2009,IA,3,47092
940,2009,IA,4,832
941,2009,IA,5,43466
942,2010,IA,0,2773410
943,2010,IA,1,82682
944,2010,IA,2,9825
945,2010,IA,3,50363
946,2010,IA,4,961
947,2010,IA,5,50491
948,2011,IA,0,2782349
949,2011,IA,1,85714
950,2011,IA,2,9958
951,2011,IA,3,52881
952,2011,IA,4,1112
953,2011,IA,5,52876
954,2012,IA,0,2793432
955,2012,IA,1,88664
956,2012,IA,2,9708
957,2012,IA,3,54262
958,2012,IA,4,1308
959,2012,IA,5,56045
960,2013,IA,0,2802839
961,2013,IA,1,91754
962,2013,IA,2,9440
963,2013,IA,3,55878
964,2013,IA,4,1389
965,2013,IA,5,58229
966,2014,IA,0,2813097
967,2014,IA,1,95716
968,2014,IA,2,9688
969,2014,IA,3,59726
970,2014,IA,4,1715
971,2014,IA,5,58221
972,2015,IA,0,2820046
973,2015,IA,1,97788
974,2015,IA,2,9977
975,2015,IA,3,62997
976,2015,IA,4,1882
977,2015,IA,5,60964
978,2016,IA,0,2823890
979,2016,IA,1,103052
980,2016,IA,2,9951
981,2016,IA,3,66570
982,2016,IA,4,2422
983,2016,IA,5,61294
984,2017,IA,0,2824197
985,2017,IA,1,106762
986,2017,IA,2,10791
987,2017,IA,3,71178
988,2017,IA,4,2913
989,2017,IA,5,62734
990,2018,IA,0,2827889
991,2018,IA,1,109911
992,2018,IA,2,11549
993,2018,IA,3,75083
994,2018,IA,4,3129
995,2018,IA,5,65770
996,2019,IA,0,2826070
997,2019,IA,1,116359
998,2019,IA,2,11976
999,2019,IA,3,75741
1000,2019,IA,4,3729
1001,2019,IA,5,66585
1002,2020,IA,0,2806418
1003,2020,IA,1,117035
1004,2020,IA,2,10538
1005,2020,IA,3,79296
1006,2020,IA,4,3941
1007,2020,IA,5,92979
1008,2021,IA,0,2795319
1009,2021,IA,1,119036
1010,2021,IA,2,10889
1011,2021,IA,3,79188
1012,2021,IA,4,4182
1013,2021,IA,5,123765
1014,2009,ID,0,1374465
1015,2009,ID,1,9030
1016,2009,ID,2,18352
1017,2009,ID,3,16739
1018,2009,ID,4,1827
1019,2009,ID,5,36454
1020,2010,ID,0,1407354
1021,2010,ID,1,8674
1022,2010,ID,2,18951
1023,2010,ID,3,17939
1024,2010,ID,4,2284
1025,2010,ID,5,37370
1026,2011,ID,0,1431372
1027,2011,ID,1,8823
1028,2011,ID,2,19584
1029,2011,ID,3,18714
1030,2011,ID,4,2425
1031,2011,ID,5,37948
1032,2012,ID,0,1445289
1033,2012,ID,1,8821
1034,2012,ID,2,19376
1035,2012,ID,3,19097
1036,2012,ID,4,2213
1037,2012,ID,5,39180
1038,2013,ID,0,1455692
1039,2013,ID,1,8957
1040,2013,ID,2,19984
1041,2013,ID,3,20141
1042,2013,ID,4,2216
1043,2013,ID,5,39459
1044,2014,ID,0,1468732
1045,2014,ID,1,9334
1046,2014,ID,2,20363
1047,2014,ID,3,21749
1048,2014,ID,4,2177
1049,2014,ID,5,39556
1050,2015,ID,0,1482914
1051,2015,ID,1,9900
1052,2015,ID,2,20504
1053,2015,ID,3,21711
1054,2015,ID,4,1921
1055,2015,ID,5,41226
1056,2016,ID,0,1493155
1057,2016,ID,1,10433
1058,2016,ID,2,21454
1059,2016,ID,3,21630
1060,2016,ID,4,2003
1061,2016,ID,5,42050
1062,2017,ID,0,1507880
1063,2017,ID,1,11231
1064,2017,ID,2,21323
1065,2017,ID,3,22720
1066,2017,ID,4,2343
1067,2017,ID,5,43914
1068,2018,ID,0,1527262
1069,2018,ID,1,11536
1070,2018,ID,2,22790
1071,2018,ID,3,23758
1072,2018,ID,4,2761
1073,2018,ID,5,46592
1074,2019,ID,0,1545409
1075,2019,ID,1,11918
1076,2019,ID,2,23136
1077,2019,ID,3,24287
1078,2019,ID,4,2755
1079,2019,ID,5,50569
1080,2020,ID,0,1550979
1081,2020,ID,1,11536
1082,2020,ID,2,23029
1083,2020,ID,3,24501
1084,2020,ID,4,3174
1085,2020,ID,5,75096
1086,2021,ID,0,1567799
1087,2021,ID,1,12242
1088,2021,ID,2,22799
1089,2021,ID,3,24616
1090,2021,ID,4,3016
1091,2021,ID,5,103310
1092,2009,IL,0,9190854
1093,2009,IL,1,1875767
1094,2009,IL,2,23208
1095,2009,IL,3,538728
1096,2009,IL,4,3459
1097,2009,IL,5,208058
1098,2010,IL,0,9136680
1099,2010,IL,1,1860305
1100,2010,IL,2,24729
1101,2010,IL,3,571537
1102,2010,IL,4,3290
1103,2010,IL,5,221214
1104,2011,IL,0,9214977
1105,2011,IL,1,1859608
1106,2011,IL,2,25216
1107,2011,IL,3,583302
1108,2011,IL,4,3185
1109,2011,IL,5,234125
1110,2012,IL,0,9298731
1111,2012,IL,1,1860471
1112,2012,IL,2,26669
1113,2012,IL,3,595110
1114,2012,IL,4,2907
1115,2012,IL,5,250627
1116,2013,IL,0,9320910
1117,2013,IL,1,1851524
1118,2013,IL,2,27548
1119,2013,IL,3,609923
1120,2013,IL,4,2979
1121,2013,IL,5,265702
1122,2014,IL,0,9331376
1123,2014,IL,1,1849054
1124,2014,IL,2,28535
1125,2014,IL,3,627402
1126,2014,IL,4,3240
1127,2014,IL,5,277892
1128,2015,IL,0,9312771
1129,2015,IL,1,1846108
1130,2015,IL,2,28363
1131,2015,IL,3,645642
1132,2015,IL,4,3407
1133,2015,IL,5,289537
1134,2016,IL,0,9270907
1135,2016,IL,1,1837612
1136,2016,IL,2,29399
1137,2016,IL,3,655799
1138,2016,IL,4,4186
1139,2016,IL,5,300222
1140,2017,IL,0,9236701
1141,2017,IL,1,1833501
1142,2017,IL,2,29696
1143,2017,IL,3,671811
1144,2017,IL,4,4275
1145,2017,IL,5,311397
1146,2018,IL,0,9189185
1147,2018,IL,1,1824125
1148,2018,IL,2,31864
1149,2018,IL,3,690822
1150,2018,IL,4,4582
1151,2018,IL,5,318413
1152,2019,IL,0,9134903
1153,2019,IL,1,1813590
1154,2019,IL,2,33460
1155,2019,IL,3,698524
1156,2019,IL,4,4477
1157,2019,IL,5,328446
1158,2020,IL,0,8874067
1159,2020,IL,1,1796660
1160,2020,IL,2,33972
1161,2020,IL,3,709567
1162,2020,IL,4,5196
1163,2020,IL,5,539552
1164,2021,IL,0,8699413
1165,2021,IL,1,1804013
1166,2021,IL,2,42714
1167,2021,IL,3,725482
1168,2021,IL,4,5111
1169,2021,IL,5,749100
1170,2009,IN,0,5436153
1171,2009,IN,1,548998
1172,2009,IN,2,14492
1173,2009,IN,3,85470
1174,2009,IN,4,1463
1175,2009,IN,5,111612
1176,2010,IN,0,5461258
1177,2010,IN,1,572352
1178,2010,IN,2,14487
1179,2010,IN,3,96189
1180,2010,IN,4,1510
1181,2010,IN,5,122645
1182,2011,IN,0,5482893
1183,2011,IN,1,576304
1184,2011,IN,2,14772
1185,2011,IN,3,99194
1186,2011,IN,4,1233
1187,2011,IN,5,131771
1188,2012,IN,0,5500814
1189,2012,IN,1,582691
1190,2012,IN,2,15241
1191,2012,IN,3,102713
1192,2012,IN,4,1533
1193,2012,IN,5,136627
1194,2013,IN,0,5510618
1195,2013,IN,1,592954
1196,2013,IN,2,14975
1197,2013,IN,3,107563
1198,2013,IN,4,1852
1199,2013,IN,5,136702
1200,2014,IN,0,5519313
1201,2014,IN,1,598423
1202,2014,IN,2,15286
1203,2014,IN,3,114674
1204,2014,IN,4,2076
1205,2014,IN,5,141137
1206,2015,IN,0,5529201
1207,2015,IN,1,603014
1208,2015,IN,2,14793
1209,2015,IN,3,121729
1210,2015,IN,4,2285
1211,2015,IN,5,145601
1212,2016,IN,0,5534759
1213,2016,IN,1,608226
1214,2016,IN,2,15799
1215,2016,IN,3,130232
1216,2016,IN,4,2746
1217,2016,IN,5,146316
1218,2017,IN,0,5546787
1219,2017,IN,1,613060
1220,2017,IN,2,15027
1221,2017,IN,3,137680
1222,2017,IN,4,2635
1223,2017,IN,5,153438
1224,2018,IN,0,5548277
1225,2018,IN,1,619472
1226,2018,IN,2,14925
1227,2018,IN,3,144991
1228,2018,IN,4,2818
1229,2018,IN,5,162295
1230,2019,IN,0,5553391
1231,2019,IN,1,626587
1232,2019,IN,2,15782
1233,2019,IN,3,151979
1234,2019,IN,4,2506
1235,2019,IN,5,169711
1236,2020,IN,0,5510354
1237,2020,IN,1,631923
1238,2020,IN,2,14030
1239,2020,IN,3,158705
1240,2020,IN,4,2205
1241,2020,IN,5,222591
1242,2021,IN,0,5483296
1243,2021,IN,1,635076
1244,2021,IN,2,11399
1245,2021,IN,3,163657
1246,2021,IN,4,2276
1247,2021,IN,5,287953
1248,2009,KS,0,2382407
1249,2009,KS,1,157121
1250,2009,KS,2,22722
1251,2009,KS,3,60235
1252,2009,KS,4,1614
1253,2009,KS,5,72533
1254,2010,KS,0,2391786
1255,2010,KS,1,161768
1256,2010,KS,2,24422
1257,2010,KS,3,66119
1258,2010,KS,4,1625
1259,2010,KS,5,82469
1260,2011,KS,0,2412703
1261,2011,KS,1,163063
1262,2011,KS,2,23860
1263,2011,KS,3,67532
1264,2011,KS,4,1734
1265,2011,KS,5,85765
1266,2012,KS,0,2435253
1267,2012,KS,1,164177
1268,2012,KS,2,23435
1269,2012,KS,3,68683
1270,2012,KS,4,1603
1271,2012,KS,5,88695
1272,2013,KS,0,2449273
1273,2013,KS,1,164299
1274,2013,KS,2,23958
1275,2013,KS,3,70408
1276,2013,KS,4,1887
1277,2013,KS,5,92475
1278,2014,KS,0,2457815
1279,2014,KS,1,167220
1280,2014,KS,2,23727
1281,2014,KS,3,72568
1282,2014,KS,4,1655
1283,2014,KS,5,95030
1284,2015,KS,0,2464566
1285,2015,KS,1,168402
1286,2015,KS,2,24022
1287,2015,KS,3,75653
1288,2015,KS,4,1796
1289,2015,KS,5,95365
1290,2016,KS,0,2468923
1291,2016,KS,1,167706
1292,2016,KS,2,23871
1293,2016,KS,3,77605
1294,2016,KS,4,1874
1295,2016,KS,5,96030
1296,2017,KS,0,2465518
1297,2017,KS,1,168470
1298,2017,KS,2,23503
1299,2017,KS,3,80738
1300,2017,KS,4,1923
1301,2017,KS,5,98415
1302,2018,KS,0,2460619
1303,2018,KS,1,169801
1304,2018,KS,2,24050
1305,2018,KS,3,83531
1306,2018,KS,4,2143
1307,2018,KS,5,101044
1308,2019,KS,0,2455935
1309,2019,KS,1,170291
1310,2019,KS,2,24010
1311,2019,KS,3,85794
1312,2019,KS,4,2382
1313,2019,KS,5,100557
1314,2020,KS,0,2416165
1315,2020,KS,1,165837
1316,2020,KS,2,22278
1317,2020,KS,3,87093
1318,2020,KS,4,2344
1319,2020,KS,5,140045
1320,2021,KS,0,2386766
1321,2021,KS,1,165291
1322,2021,KS,2,21657
1323,2021,KS,3,87946
1324,2021,KS,4,2196
1325,2021,KS,5,179456
1326,2009,KY,0,3783499
1327,2009,KY,1,318974
1328,2009,KY,2,8193
1329,2009,KY,3,42896
1330,2009,KY,4,2839
1331,2009,KY,5,58212
1332,2010,KY,0,3792514
1333,2010,KY,1,330764
1334,2010,KY,2,8794
1335,2010,KY,3,45604
1336,2010,KY,4,2674
1337,2010,KY,5,65300
1338,2011,KY,0,3808381
1339,2011,KY,1,336628
1340,2011,KY,2,8913
1341,2011,KY,3,47754
1342,2011,KY,4,2403
1343,2011,KY,5,69194
1344,2012,KY,0,3823344
1345,2012,KY,1,339228
1346,2012,KY,2,8607
1347,2012,KY,3,49681
1348,2012,KY,4,2370
1349,2012,KY,5,74380
1350,2013,KY,0,3835013
1351,2013,KY,1,341576
1352,2013,KY,2,8811
1353,2013,KY,3,51411
1354,2013,KY,4,2019
1355,2013,KY,5,80523
1356,2014,KY,0,3845535
1357,2014,KY,1,345035
1358,2014,KY,2,9000
1359,2014,KY,3,53448
1360,2014,KY,4,2109
1361,2014,KY,5,86627
1362,2015,KY,0,3851591
1363,2015,KY,1,347034
1364,2015,KY,2,9063
1365,2015,KY,3,55483
1366,2015,KY,4,2197
1367,2015,KY,5,90836
1368,2016,KY,0,3859516
1369,2016,KY,1,350242
1370,2016,KY,2,9052
1371,2016,KY,3,57084
1372,2016,KY,4,2584
1373,2016,KY,5,92837
1374,2017,KY,0,3862600
1375,2017,KY,1,353088
1376,2017,KY,2,9324
1377,2017,KY,3,59593
1378,2017,KY,4,2271
1379,2017,KY,5,96303
1380,2018,KY,0,3866676
1381,2018,KY,1,354112
1382,2018,KY,2,9888
1383,2018,KY,3,62802
1384,2018,KY,4,2814
1385,2018,KY,5,99826
1386,2019,KY,0,3868479
1387,2019,KY,1,358928
1388,2019,KY,2,9386
1389,2019,KY,3,65191
1390,2019,KY,4,3182
1391,2019,KY,5,100285
1392,2020,KY,0,3848305
1393,2020,KY,1,361230
1394,2020,KY,2,8364
1395,2020,KY,3,68139
1396,2020,KY,4,3033
1397,2020,KY,5,124716
1398,2021,KY,0,3842383
1399,2021,KY,1,361703
1400,2021,KY,2,7114
1401,2021,KY,3,68737
1402,2021,KY,4,3961
1403,2021,KY,5,158878
1404,2009,LA,0,2821956
1405,2009,LA,1,1405639
1406,2009,LA,2,24909
1407,2009,LA,3,63304
1408,2009,LA,4,1031
1409,2009,LA,5,52208
1410,2010,LA,0,2819074
1411,2010,LA,1,1405685
1412,2010,LA,2,27352
1413,2010,LA,3,67210
1414,2010,LA,4,1416
1415,2010,LA,5,58860
1416,2011,LA,0,2838981
1417,2011,LA,1,1429820
1418,2011,LA,2,28154
1419,2011,LA,3,69355
1420,2011,LA,4,1719
1421,2011,LA,5,65516
1422,2012,LA,0,2856883
1423,2012,LA,1,1450992
1424,2012,LA,2,28702
1425,2012,LA,3,71460
1426,2012,LA,4,1826
1427,2012,LA,5,69984
1428,2013,LA,0,2874235
1429,2013,LA,1,1463345
1430,2013,LA,2,28466
1431,2013,LA,3,73460
1432,2013,LA,4,2141
1433,2013,LA,5,75179
1434,2014,LA,0,2890570
1435,2014,LA,1,1477781
1436,2014,LA,2,28807
1437,2014,LA,3,75409
1438,2014,LA,4,1671
1439,2014,LA,5,77809
1440,2015,LA,0,2902538
1441,2015,LA,1,1484363
1442,2015,LA,2,27238
1443,2015,LA,3,77818
1444,2015,LA,4,1824
1445,2015,LA,5,83877
1446,2016,LA,0,2909290
1447,2016,LA,1,1494201
1448,2016,LA,2,26403
1449,2016,LA,3,78719
1450,2016,LA,4,1464
1451,2016,LA,5,85159
1452,2017,LA,0,2909599
1453,2017,LA,1,1500648
1454,2017,LA,2,27094
1455,2017,LA,3,80980
1456,2017,LA,4,1401
1457,2017,LA,5,87523
1458,2018,LA,0,2901106
1459,2018,LA,1,1502916
1460,2018,LA,2,26272
1461,2018,LA,3,79872
1462,2018,LA,4,1468
1463,2018,LA,5,91563
1464,2019,LA,0,2892275
1465,2019,LA,1,1502963
1466,2019,LA,2,26361
1467,2019,LA,3,80806
1468,2019,LA,4,1406
1469,2019,LA,5,94959
1470,2020,LA,0,2856904
1471,2020,LA,1,1500633
1472,2020,LA,2,25938
1473,2020,LA,3,80930
1474,2020,LA,4,1743
1475,2020,LA,5,125653
1476,2021,LA,0,2805875
1477,2021,LA,1,1486002
1478,2021,LA,2,25550
1479,2021,LA,3,80438
1480,2021,LA,4,2172
1481,2021,LA,5,177641
1482,2009,MA,0,5390474
1483,2009,MA,1,399224
1484,2009,MA,2,12811
1485,2009,MA,3,312147
1486,2009,MA,4,2346
1487,2009,MA,5,123134
1488,2010,MA,0,5289078
1489,2010,MA,1,422303
1490,2010,MA,2,12584
1491,2010,MA,3,335906
1492,2010,MA,4,2281
1493,2010,MA,5,144079
1494,2011,MA,0,5294754
1495,2011,MA,1,431907
1496,2011,MA,2,12238
1497,2011,MA,3,345422
1498,2011,MA,4,1711
1499,2011,MA,5,155263
1500,2012,MA,0,5310948
1501,2012,MA,1,446347
1502,2012,MA,2,12908
1503,2012,MA,3,357354
1504,2012,MA,4,1576
1505,2012,MA,5,167819
1506,2013,MA,0,5318548
1507,2013,MA,1,454887
1508,2013,MA,2,12956
1509,2013,MA,3,368178
1510,2013,MA,4,1876
1511,2013,MA,5,180738
1512,2014,MA,0,5326774
1513,2014,MA,1,465792
1514,2014,MA,2,13642
1515,2014,MA,3,384642
1516,2014,MA,4,1645
1517,2014,MA,5,190267
1518,2015,MA,0,5334859
1519,2015,MA,1,478947
1520,2015,MA,2,13189
1521,2015,MA,3,400675
1522,2015,MA,4,1644
1523,2015,MA,5,194677
1524,2016,MA,0,5343665
1525,2016,MA,1,489233
1526,2016,MA,2,13931
1527,2016,MA,3,411736
1528,2016,MA,4,2002
1529,2016,MA,5,203014
1530,2017,MA,0,5358373
1531,2017,MA,1,499774
1532,2017,MA,2,14336
1533,2017,MA,3,426225
1534,2017,MA,4,2253
1535,2017,MA,5,209523
1536,2018,MA,0,5360006
1537,2018,MA,1,510558
1538,2018,MA,2,14493
1539,2018,MA,3,442574
1540,2018,MA,4,2329
1541,2018,MA,5,215493
1542,2019,MA,0,5348538
1543,2019,MA,1,522357
1544,2019,MA,2,14764
1545,2019,MA,3,452436
1546,2019,MA,4,2804
1547,2019,MA,5,223035
1548,2020,MA,0,5261787
1549,2020,MA,1,513369
1550,2020,MA,2,13999
1551,2020,MA,3,466044
1552,2020,MA,4,2786
1553,2020,MA,5,328244
1554,2021,MA,0,5211704
1555,2021,MA,1,511394
1556,2021,MA,2,14939
1557,2021,MA,3,480944
1558,2021,MA,4,2406
1559,2021,MA,5,451680
1560,2009,MD,0,3433516
1561,2009,MD,1,1625880
1562,2009,MD,2,15394
1563,2009,MD,3,277732
1564,2009,MD,4,3010
1565,2009,MD,5,114120
1566,2010,MD,0,3396216
1567,2010,MD,1,1665235
1568,2010,MD,2,16213
1569,2010,MD,3,304574
1570,2010,MD,4,2977
1571,2010,MD,5,132256
1572,2011,MD,0,3397326
1573,2011,MD,1,1683842
1574,2011,MD,2,16603
1575,2011,MD,3,312883
1576,2011,MD,4,2708
1577,2011,MD,5,139300
1578,2012,MD,0,3408049
1579,2012,MD,1,1700174
1580,2012,MD,2,17323
1581,2012,MD,3,323363
1582,2012,MD,4,2419
1583,2012,MD,5,152556
1584,2013,MD,0,3406243
1585,2013,MD,1,1717582
1586,2013,MD,2,17535
1587,2013,MD,3,332620
1588,2013,MD,4,2570
1589,2013,MD,5,162105
1590,2014,MD,0,3418336
1591,2014,MD,1,1737155
1592,2014,MD,2,16429
1593,2014,MD,3,344956
1594,2014,MD,4,2425
1595,2014,MD,5,169506
1596,2015,MD,0,3416107
1597,2015,MD,1,1750916
1598,2015,MD,2,15579
1599,2015,MD,3,357616
1600,2015,MD,4,2754
1601,2015,MD,5,175652
1602,2016,MD,0,3408240
1603,2016,MD,1,1765926
1604,2016,MD,2,15946
1605,2016,MD,3,362259
1606,2016,MD,4,2792
1607,2016,MD,5,186153
1608,2017,MD,0,3395212
1609,2017,MD,1,1782256
1610,2017,MD,2,16281
1611,2017,MD,3,373065
1612,2017,MD,4,2830
1613,2017,MD,5,189601
1614,2018,MD,0,3373181
1615,2018,MD,1,1788090
1616,2018,MD,2,15644
1617,2018,MD,3,374277
1618,2018,MD,4,3059
1619,2018,MD,5,199369
1620,2019,MD,0,3343003
1621,2019,MD,1,1799094
1622,2019,MD,2,16762
1623,2019,MD,3,378126
1624,2019,MD,4,3034
1625,2019,MD,5,206692
1626,2020,MD,0,3275048
1627,2020,MD,1,1803128
1628,2020,MD,2,15860
1629,2020,MD,3,384429
1630,2020,MD,4,2650
1631,2020,MD,5,271139
1632,2021,MD,0,3238671
1633,2021,MD,1,1833987
1634,2021,MD,2,17266
1635,2021,MD,3,397087
1636,2021,MD,4,2928
1637,2021,MD,5,331775
1638,2009,ME,0,1254176
1639,2009,ME,1,15458
1640,2009,ME,2,6636
1641,2009,ME,3,12384
1642,2009,ME,4,287
1643,2009,ME,5,22897
1644,2010,ME,0,1268805
1645,2010,ME,1,13903
1646,2010,ME,2,7002
1647,2010,ME,3,13432
1648,2010,ME,4,438
1649,2010,ME,5,19953
1650,2011,ME,0,1268113
1651,2011,ME,1,13979
1652,2011,ME,2,7124
1653,2011,ME,3,13745
1654,2011,ME,4,310
1655,2011,ME,5,21651
1656,2012,ME,0,1266435
1657,2012,ME,1,14338
1658,2012,ME,2,7168
1659,2012,ME,3,13971
1660,2012,ME,4,288
1661,2012,ME,5,23528
1662,2013,ME,0,1264047
1663,2013,ME,1,14637
1664,2013,ME,2,7364
1665,2013,ME,3,14391
1666,2013,ME,4,246
1667,2013,ME,5,24073
1668,2014,ME,0,1262817
1669,2014,ME,1,14865
1670,2014,ME,2,7552
1671,2014,ME,3,14610
1672,2014,ME,4,198
1673,2014,ME,5,25242
1674,2015,ME,0,1262026
1675,2015,ME,1,15037
1676,2015,ME,2,7811
1677,2015,ME,3,14590
1678,2015,ME,4,187
1679,2015,ME,5,26298
1680,2016,ME,0,1260476
1681,2016,ME,1,16303
1682,2016,ME,2,8013
1683,2016,ME,3,14643
1684,2016,ME,4,211
1685,2016,ME,5,27126
1686,2017,ME,0,1258918
1687,2017,ME,1,16906
1688,2017,ME,2,8212
1689,2017,ME,3,14804
1690,2017,ME,4,249
1691,2017,ME,5,28102
1692,2018,ME,0,1259217
1693,2018,ME,1,17881
1694,2018,ME,2,8302
1695,2018,ME,3,14917
1696,2018,ME,4,318
1697,2018,ME,5,29208
1698,2019,ME,0,1259522
1699,2019,ME,1,18468
1700,2019,ME,2,8660
1701,2019,ME,3,15109
1702,2019,ME,4,396
1703,2019,ME,5,29796
1704,2020,ME,0,1256030
1705,2020,ME,1,18635
1706,2020,ME,2,8894
1707,2020,ME,3,15270
1708,2020,ME,4,190
1709,2020,ME,5,36960
1710,2021,ME,0,1261097
1711,2021,ME,1,19525
1712,2021,ME,2,7578
1713,2021,ME,3,14917
1714,2021,ME,4,228
1715,2021,ME,5,46901
1716,2009,MI,0,7999359
1717,2009,MI,1,1405515
1718,2009,MI,2,52270
1719,2009,MI,3,235442
1720,2009,MI,4,2930
1721,2009,MI,5,188168
1722,2010,MI,0,7895340
1723,2010,MI,1,1401616
1724,2010,MI,2,54502
1725,2010,MI,3,242886
1726,2010,MI,4,2722
1727,2010,MI,5,210788
1728,2011,MI,0,7869573
1729,2011,MI,1,1395245
1730,2011,MI,2,54638
1731,2011,MI,3,244623
1732,2011,MI,4,2690
1733,2011,MI,5,223540
1734,2012,MI,0,7852317
1735,2012,MI,1,1391269
1736,2012,MI,2,55723
1737,2012,MI,3,245587
1738,2012,MI,4,2678
1739,2012,MI,5,234380
1740,2013,MI,0,7841011
1741,2013,MI,1,1385154
1742,2013,MI,2,54881
1743,2013,MI,3,251175
1744,2013,MI,4,2230
1745,2013,MI,5,243968
1746,2014,MI,0,7829621
1747,2014,MI,1,1383205
1748,2014,MI,2,54960
1749,2014,MI,3,258567
1750,2014,MI,4,1995
1751,2014,MI,5,253535
1752,2015,MI,0,7823875
1753,2015,MI,1,1381388
1754,2015,MI,2,53951
1755,2015,MI,3,268766
1756,2015,MI,4,2083
1757,2015,MI,5,261324
1758,2016,MI,0,7817827
1759,2016,MI,1,1376446
1760,2016,MI,2,52891
1761,2016,MI,3,276769
1762,2016,MI,4,2492
1763,2016,MI,5,271798
1764,2017,MI,0,7813199
1765,2017,MI,1,1374515
1766,2017,MI,2,51804
1767,2017,MI,3,289082
1768,2017,MI,4,2808
1769,2017,MI,5,278902
1770,2018,MI,0,7818588
1771,2018,MI,1,1375424
1772,2018,MI,2,53235
1773,2018,MI,3,304403
1774,2018,MI,4,2979
1775,2018,MI,5,283718
1776,2019,MI,0,7813755
1777,2019,MI,1,1374314
1778,2019,MI,2,53316
1779,2019,MI,3,311721
1780,2019,MI,4,3099
1781,2019,MI,5,291259
1782,2020,MI,0,7735902
1783,2020,MI,1,1360149
1784,2020,MI,2,50035
1785,2020,MI,3,316844
1786,2020,MI,4,3117
1787,2020,MI,5,376280
1788,2021,MI,0,7715291
1789,2021,MI,1,1368177
1790,2021,MI,2,48361
1791,2021,MI,3,322218
1792,2021,MI,4,2915
1793,2021,MI,5,463369
1794,2009,MN,0,4551190
1795,2009,MN,1,224453
1796,2009,MN,2,54446
1797,2009,MN,3,186491
1798,2009,MN,4,2297
1799,2009,MN,5,93182
1800,2010,MN,0,4539826
1801,2010,MN,1,257165
1802,2010,MN,2,55370
1803,2010,MN,3,204202
1804,2010,MN,4,2135
1805,2010,MN,5,107609
1806,2011,MN,0,4556910
1807,2011,MN,1,264751
1808,2011,MN,2,57271
1809,2011,MN,3,208315
1810,2011,MN,4,2129
1811,2011,MN,5,116735
1812,2012,MN,0,4570137
1813,2012,MN,1,271953
1814,2012,MN,2,56770
1815,2012,MN,3,216159
1816,2012,MN,4,2087
1817,2012,MN,5,124354
1818,2013,MN,0,4575991
1819,2013,MN,1,279944
1820,2013,MN,2,57479
1821,2013,MN,3,222761
1822,2013,MN,4,2259
1823,2013,MN,5,132033
1824,2014,MN,0,4585781
1825,2014,MN,1,290545
1826,2014,MN,2,56490
1827,2014,MN,3,230798
1828,2014,MN,4,2166
1829,2014,MN,5,139018
1830,2015,MN,0,4594367
1831,2015,MN,1,299176
1832,2015,MN,2,56561
1833,2015,MN,3,240786
1834,2015,MN,4,1970
1835,2015,MN,5,144226
1836,2016,MN,0,4597525
1837,2016,MN,1,310853
1838,2016,MN,2,56904
1839,2016,MN,3,246819
1840,2016,MN,4,1969
1841,2016,MN,5,148502
1842,2017,MN,0,4598252
1843,2017,MN,1,326953
1844,2017,MN,2,57566
1845,2017,MN,3,255935
1846,2017,MN,4,1976
1847,2017,MN,5,154444
1848,2018,MN,0,4606044
1849,2018,MN,1,342186
1850,2018,MN,2,58982
1851,2018,MN,3,262359
1852,2018,MN,4,2187
1853,2018,MN,5,157767
1854,2019,MN,0,4609049
1855,2019,MN,1,356515
1856,2019,MN,2,58011
1857,2019,MN,3,268181
1858,2019,MN,4,2194
1859,2019,MN,5,165396
1860,2020,MN,0,4572149
1861,2020,MN,1,359817
1862,2020,MN,2,54558
1863,2020,MN,3,275242
1864,2020,MN,4,2201
1865,2020,MN,5,217451
1866,2021,MN,0,4576758
1867,2021,MN,1,376406
1868,2021,MN,2,52695
1869,2021,MN,3,283382
1870,2021,MN,4,2338
1871,2021,MN,5,258882
1872,2009,MO,0,4955606
1873,2009,MO,1,658633
1874,2009,MO,2,23624
1875,2009,MO,3,85215
1876,2009,MO,4,4505
1877,2009,MO,5,115851
1878,2010,MO,0,4938222
1879,2010,MO,1,679062
1880,2010,MO,2,22829
1881,2010,MO,3,92147
1882,2010,MO,4,5201
1883,2010,MO,5,123752
1884,2011,MO,0,4957147
1885,2011,MO,1,686044
1886,2011,MO,2,22509
1887,2011,MO,3,93632
1888,2011,MO,4,5725
1889,2011,MO,5,130116
1890,2012,MO,0,4972530
1891,2012,MO,1,689683
1892,2012,MO,2,22704
1893,2012,MO,3,96035
1894,2012,MO,4,5812
1895,2012,MO,5,134300
1896,2013,MO,0,4984653
1897,2013,MO,1,691128
1898,2013,MO,2,22781
1899,2013,MO,3,98962
1900,2013,MO,4,6263
1901,2013,MO,5,139240
1902,2014,MO,0,4991914
1903,2014,MO,1,695813
1904,2014,MO,2,24269
1905,2014,MO,3,101772
1906,2014,MO,4,5983
1907,2014,MO,5,144268
1908,2015,MO,0,4995527
1909,2015,MO,1,697022
1910,2015,MO,2,24951
1911,2015,MO,3,106537
1912,2015,MO,4,6161
1913,2015,MO,5,147645
1914,2016,MO,0,5000875
1915,2016,MO,1,701896
1916,2016,MO,2,25641
1917,2016,MO,3,107953
1918,2016,MO,4,6479
1919,2016,MO,5,148041
1920,2017,MO,0,5004537
1921,2017,MO,1,703061
1922,2017,MO,2,25933
1923,2017,MO,3,112959
1924,2017,MO,4,6336
1925,2017,MO,5,151390
1926,2018,MO,0,5008342
1927,2018,MO,1,704896
1928,2018,MO,2,26952
1929,2018,MO,3,116720
1930,2018,MO,4,6662
1931,2018,MO,5,155328
1932,2019,MO,0,5015904
1933,2019,MO,1,701334
1934,2019,MO,2,27084
1935,2019,MO,3,120654
1936,2019,MO,4,8231
1937,2019,MO,5,160368
1938,2020,MO,0,4978046
1939,2020,MO,1,698043
1940,2020,MO,2,24274
1941,2020,MO,3,123810
1942,2020,MO,4,8887
1943,2020,MO,5,214318
1944,2021,MO,0,4930466
1945,2021,MO,1,695678
1946,2021,MO,2,19904
1947,2021,MO,3,123406
1948,2021,MO,4,8468
1949,2021,MO,5,279528
1950,2009,MS,0,1752786
1951,2009,MS,1,1081589
1952,2009,MS,2,12829
1953,2009,MS,3,24655
1954,2009,MS,4,816
1955,2009,MS,5,27624
1956,2010,MS,0,1761910
1957,2010,MS,1,1088270
1958,2010,MS,2,13610
1959,2010,MS,3,24691
1960,2010,MS,4,636
1961,2010,MS,5,29446
1962,2011,MS,0,1767875
1963,2011,MS,1,1094596
1964,2011,MS,2,13775
1965,2011,MS,3,25807
1966,2011,MS,4,579
1967,2011,MS,5,31426
1968,2012,MS,0,1768530
1969,2012,MS,1,1101849
1970,2012,MS,2,13344
1971,2012,MS,3,26403
1972,2012,MS,4,345
1973,2012,MS,5,33496
1974,2013,MS,0,1769766
1975,2013,MS,1,1106982
1976,2013,MS,2,13030
1977,2013,MS,3,27646
1978,2013,MS,4,274
1979,2013,MS,5,34508
1980,2014,MS,0,1769693
1981,2014,MS,1,1113652
1982,2014,MS,2,13056
1983,2014,MS,3,28067
1984,2014,MS,4,365
1985,2014,MS,5,34426
1986,2015,MS,0,1768174
1987,2015,MS,1,1116457
1988,2015,MS,2,12896
1989,2015,MS,3,28900
1990,2015,MS,4,409
1991,2015,MS,5,35334
1992,2016,MS,0,1764038
1993,2016,MS,1,1121327
1994,2016,MS,2,13072
1995,2016,MS,3,28562
1996,2016,MS,4,492
1997,2016,MS,5,35367
1998,2017,MS,0,1755471
1999,2017,MS,1,1122576
2000,2017,MS,2,13258
2001,2017,MS,3,28859
2002,2017,MS,4,597
2003,2017,MS,5,37929
2004,2018,MS,0,1751193
2005,2018,MS,1,1125834
2006,2018,MS,2,13689
2007,2018,MS,3,28313
2008,2018,MS,4,707
2009,2018,MS,5,40193
2010,2019,MS,0,1743217
2011,2019,MS,1,1125623
2012,2019,MS,2,14269
2013,2019,MS,3,29605
2014,2019,MS,4,680
2015,2019,MS,5,40296
2016,2020,MS,0,1729353
2017,2020,MS,1,1123545
2018,2020,MS,2,13951
2019,2020,MS,3,29742
2020,2020,MS,4,1215
2021,2020,MS,5,50030
2022,2021,MS,0,1701989
2023,2021,MS,1,1113414
2024,2021,MS,2,13357
2025,2021,MS,3,29092
2026,2021,MS,4,1129
2027,2021,MS,5,69989
2028,2009,MT,0,856153
2029,2009,MT,1,5283
2030,2009,MT,2,59001
2031,2009,MT,3,6333
2032,2009,MT,4,825
2033,2009,MT,5,22047
2034,2010,MT,0,874571
2035,2010,MT,1,4325
2036,2010,MT,2,60135
2037,2010,MT,3,6091
2038,2010,MT,4,609
2039,2010,MT,5,21958
2040,2011,MT,0,881905
2041,2011,MT,1,4403
2042,2011,MT,2,61399
2043,2011,MT,3,5999
2044,2011,MT,4,664
2045,2011,MT,5,22936
2046,2012,MT,0,887924
2047,2012,MT,1,4145
2048,2012,MT,2,62398
2049,2012,MT,3,6034
2050,2012,MT,4,674
2051,2012,MT,5,23879
2052,2013,MT,0,893032
2053,2013,MT,1,4038
2054,2013,MT,2,64426
2055,2013,MT,3,6246
2056,2013,MT,4,676
2057,2013,MT,5,24295
2058,2014,MT,0,899503
2059,2014,MT,1,4563
2060,2014,MT,2,65110
2061,2014,MT,3,6651
2062,2014,MT,4,699
2063,2014,MT,5,24899
2064,2015,MT,0,904977
2065,2015,MT,1,4757
2066,2015,MT,2,65693
2067,2015,MT,3,7187
2068,2015,MT,4,848
2069,2015,MT,5,25777
2070,2016,MT,0,911907
2071,2016,MT,1,4260
2072,2016,MT,2,67222
2073,2016,MT,3,7481
2074,2016,MT,4,841
2075,2016,MT,5,26522
2076,2017,MT,0,916664
2077,2017,MT,1,4438
2078,2017,MT,2,66865
2079,2017,MT,3,7448
2080,2017,MT,4,571
2081,2017,MT,5,28384
2082,2018,MT,0,925642
2083,2018,MT,1,4630
2084,2018,MT,2,67289
2085,2018,MT,3,7947
2086,2018,MT,4,757
2087,2018,MT,5,29435
2088,2019,MT,0,930204
2089,2019,MT,1,5303
2090,2019,MT,2,66839
2091,2019,MT,3,8259
2092,2019,MT,4,807
2093,2019,MT,5,32161
2094,2020,MT,0,932157
2095,2020,MT,1,5919
2096,2020,MT,2,65523
2097,2020,MT,3,8664
2098,2020,MT,4,595
2099,2020,MT,5,40705
2100,2021,MT,0,938223
2101,2021,MT,1,6236
2102,2021,MT,2,65452
2103,2021,MT,3,8972
2104,2021,MT,4,581
2105,2021,MT,5,48359
2106,2009,NB,0,1571458
2107,2009,NB,1,72806
2108,2009,NB,2,14966
2109,2009,NB,3,28375
2110,2009,NB,4,1931
2111,2009,NB,5,33179
2112,2010,NB,0,1587857
2113,2010,NB,1,77986
2114,2010,NB,2,15651
2115,2010,NB,3,29624
2116,2010,NB,4,1209
2117,2010,NB,5,37772
2118,2011,NB,0,1600661
2119,2011,NB,1,79828
2120,2011,NB,2,15858
2121,2011,NB,3,30637
2122,2011,NB,4,1263
2123,2011,NB,5,39937
2124,2012,NB,0,1612538
2125,2012,NB,1,82341
2126,2012,NB,2,16461
2127,2012,NB,3,32302
2128,2012,NB,4,1075
2129,2012,NB,5,39295
2130,2013,NB,0,1624312
2131,2013,NB,1,84228
2132,2013,NB,2,16408
2133,2013,NB,3,34144
2134,2013,NB,4,1254
2135,2013,NB,5,39933
2136,2014,NB,0,1637794
2137,2014,NB,1,86423
2138,2014,NB,2,16163
2139,2014,NB,3,35696
2140,2014,NB,4,1150
2141,2014,NB,5,41316
2142,2015,NB,0,1647551
2143,2015,NB,1,88195
2144,2015,NB,2,16319
2145,2015,NB,3,38066
2146,2015,NB,4,1280
2147,2015,NB,5,41595
2148,2016,NB,0,1655708
2149,2016,NB,1,88388
2150,2016,NB,2,15739
2151,2016,NB,3,39794
2152,2016,NB,4,1305
2153,2016,NB,5,43653
2154,2017,NB,0,1663612
2155,2017,NB,1,89718
2156,2017,NB,2,16012
2157,2017,NB,3,42208
2158,2017,NB,4,1524
2159,2017,NB,5,45571
2160,2018,NB,0,1666463
2161,2018,NB,1,90860
2162,2018,NB,2,17282
2163,2018,NB,3,44105
2164,2018,NB,4,1392
2165,2018,NB,5,48600
2166,2019,NB,0,1666871
2167,2019,NB,1,92406
2168,2019,NB,2,17673
2169,2019,NB,3,45655
2170,2019,NB,4,1327
2171,2019,NB,5,50386
2172,2020,NB,0,1641256
2173,2020,NB,1,91896
2174,2020,NB,2,16875
2175,2020,NB,3,47944
2176,2020,NB,4,1235
2177,2020,NB,5,75937
2178,2021,NB,0,1630376
2179,2021,NB,1,93358
2180,2021,NB,2,17937
2181,2021,NB,3,48379
2182,2021,NB,4,1175
2183,2021,NB,5,100214
2184,2009,NC,0,6375420
2185,2009,NC,1,1909832
2186,2009,NC,2,101986
2187,2009,NC,3,173320
2188,2009,NC,4,4716
2189,2009,NC,5,151705
2190,2010,NC,0,6453727
2191,2010,NC,1,1980942
2192,2010,NC,2,106026
2193,2010,NC,3,194993
2194,2010,NC,4,5170
2195,2010,NC,5,174077
2196,2011,NC,0,6560948
2197,2011,NC,1,2016228
2198,2011,NC,2,108960
2199,2011,NC,3,202815
2200,2011,NC,4,4725
2201,2011,NC,5,188390
2202,2012,NC,0,6659867
2203,2012,NC,1,2047092
2204,2012,NC,2,110171
2205,2012,NC,3,211708
2206,2012,NC,4,4424
2207,2012,NC,5,204471
2208,2013,NC,0,6727690
2209,2013,NC,1,2068726
2210,2013,NC,2,111733
2211,2013,NC,3,221392
2212,2013,NC,4,5390
2213,2013,NC,5,218935
2214,2014,NC,0,6784901
2215,2014,NC,1,2093389
2216,2014,NC,2,113798
2217,2014,NC,3,231830
2218,2014,NC,4,6083
2219,2014,NC,5,226539
2220,2015,NC,0,6839831
2221,2015,NC,1,2115338
2222,2015,NC,2,116143
2223,2015,NC,3,244076
2224,2015,NC,4,6244
2225,2015,NC,5,231391
2226,2016,NC,0,6882915
2227,2016,NC,1,2137131
2228,2016,NC,2,117479
2229,2016,NC,3,254550
2230,2016,NC,4,6588
2231,2016,NC,5,243370
2232,2017,NC,0,6937466
2233,2017,NC,1,2159427
2234,2017,NC,2,117998
2235,2017,NC,3,269164
2236,2017,NC,4,6393
2237,2017,NC,5,251196
2238,2018,NC,0,6994240
2239,2018,NC,1,2179622
2240,2018,NC,2,121352
2241,2018,NC,3,282264
2242,2018,NC,4,6939
2243,2018,NC,5,263301
2244,2019,NC,0,7049919
2245,2019,NC,1,2200761
2246,2019,NC,2,123952
2247,2019,NC,3,292992
2248,2019,NC,4,7213
2249,2019,NC,5,273276
2250,2020,NC,0,7019443
2251,2020,NC,1,2217522
2252,2020,NC,2,120272
2253,2020,NC,3,308958
2254,2020,NC,4,7368
2255,2020,NC,5,378369
2256,2021,NC,0,6865508
2257,2021,NC,1,2193147
2258,2021,NC,2,113719
2259,2021,NC,3,314690
2260,2021,NC,4,7119
2261,2021,NC,5,500458
2262,2009,ND,0,580184
2263,2009,ND,1,6029
2264,2009,ND,2,34192
2265,2009,ND,3,5312
2266,2009,ND,4,383
2267,2009,ND,5,9553
2268,2010,ND,0,597392
2269,2010,ND,1,7034
2270,2010,ND,2,34798
2271,2010,ND,3,6132
2272,2010,ND,4,439
2273,2010,ND,5,10351
2274,2011,ND,0,602373
2275,2011,ND,1,7231
2276,2011,ND,2,35544
2277,2011,ND,3,6693
2278,2011,ND,4,348
2279,2011,ND,5,10965
2280,2012,ND,0,608799
2281,2012,ND,1,8286
2282,2012,ND,2,36160
2283,2012,ND,3,6869
2284,2012,ND,4,375
2285,2012,ND,5,11827
2286,2013,ND,0,618098
2287,2013,ND,1,9273
2288,2013,ND,2,36659
2289,2013,ND,3,7362
2290,2013,ND,4,332
2291,2013,ND,5,13526
2292,2014,ND,0,628770
2293,2014,ND,1,10781
2294,2014,ND,2,36989
2295,2014,ND,3,8124
2296,2014,ND,4,312
2297,2014,ND,5,14836
2298,2015,ND,0,640208
2299,2015,ND,1,11872
2300,2015,ND,2,38286
2301,2015,ND,3,8979
2302,2015,ND,4,304
2303,2015,ND,5,16132
2304,2016,ND,0,649730
2305,2016,ND,1,14761
2306,2016,ND,2,38369
2307,2016,ND,3,9296
2308,2016,ND,4,336
2309,2016,ND,5,17979
2310,2017,ND,0,654024
2311,2017,ND,1,17365
2312,2017,ND,2,39507
2313,2017,ND,3,10197
2314,2017,ND,4,341
2315,2017,ND,5,17441
2316,2018,ND,0,655268
2317,2018,ND,1,20445
2318,2018,ND,2,39462
2319,2018,ND,3,10814
2320,2018,ND,4,378
2321,2018,ND,5,18306
2322,2019,ND,0,655136
2323,2019,ND,1,21985
2324,2019,ND,2,40006
2325,2019,ND,3,11006
2326,2019,ND,4,863
2327,2019,ND,5,19612
2328,2020,ND,0,651470
2329,2020,ND,1,23959
2330,2020,ND,2,39165
2331,2020,ND,3,11979
2332,2020,ND,4,1004
2333,2020,ND,5,23942
2334,2021,ND,0,656584
2335,2021,ND,1,24349
2336,2021,ND,2,39103
2337,2021,ND,3,12313
2338,2021,ND,4,1194
2339,2021,ND,5,29799
2340,2009,NH,0,1246855
2341,2009,NH,1,14227
2342,2009,NH,2,3210
2343,2009,NH,3,24981
2344,2009,NH,4,291
2345,2009,NH,5,16074
2346,2010,NH,0,1241539
2347,2010,NH,1,14186
2348,2010,NH,2,2835
2349,2010,NH,3,27754
2350,2010,NH,4,287
2351,2010,NH,5,17341
2352,2011,NH,0,1241530
2353,2011,NH,1,14520
2354,2011,NH,2,2688
2355,2011,NH,3,27702
2356,2011,NH,4,296
2357,2011,NH,5,19392
2358,2012,NH,0,1241440
2359,2012,NH,1,15339
2360,2012,NH,2,2470
2361,2012,NH,3,28684
2362,2012,NH,4,203
2363,2012,NH,5,20647
2364,2013,NH,0,1240404
2365,2013,NH,1,16011
2366,2013,NH,2,2588
2367,2013,NH,3,29337
2368,2013,NH,4,214
2369,2013,NH,5,21829
2370,2014,NH,0,1239543
2371,2014,NH,1,16293
2372,2014,NH,2,2510
2373,2014,NH,3,30560
2374,2014,NH,4,280
2375,2014,NH,5,24078
2376,2015,NH,0,1241313
2377,2015,NH,1,17439
2378,2015,NH,2,2238
2379,2015,NH,3,31364
2380,2015,NH,4,228
2381,2015,NH,5,24346
2382,2016,NH,0,1243594
2383,2016,NH,1,17483
2384,2016,NH,2,2085
2385,2016,NH,3,32094
2386,2016,NH,4,229
2387,2016,NH,5,24906
2388,2017,NH,0,1244260
2389,2017,NH,1,18632
2390,2017,NH,2,2148
2391,2017,NH,3,33313
2392,2017,NH,4,289
2393,2017,NH,5,26190
2394,2018,NH,0,1250014
2395,2018,NH,1,20516
2396,2018,NH,2,2090
2397,2018,NH,3,36124
2398,2018,NH,4,359
2399,2018,NH,5,27890
2400,2019,NH,0,1252128
2401,2019,NH,1,21546
2402,2019,NH,2,2036
2403,2019,NH,3,36180
2404,2019,NH,4,443
2405,2019,NH,5,28281
2406,2020,NH,0,1246602
2407,2020,NH,1,21045
2408,2020,NH,2,2197
2409,2020,NH,3,36581
2410,2020,NH,4,424
2411,2020,NH,5,39852
2412,2021,NH,0,1249067
2413,2021,NH,1,21834
2414,2021,NH,2,1988
2415,2021,NH,3,36625
2416,2021,NH,4,513
2417,2021,NH,5,50890
2418,2009,NJ,0,6073393
2419,2009,NJ,1,1175670
2420,2009,NJ,2,19312
2421,2009,NJ,3,642436
2422,2009,NJ,4,2713
2423,2009,NJ,5,152668
2424,2010,NJ,0,6074010
2425,2010,NJ,1,1176241
2426,2010,NJ,2,19683
2427,2010,NJ,3,697788
2428,2010,NJ,4,2303
2429,2010,NJ,5,174609
2430,2011,NJ,0,6095247
2431,2011,NJ,1,1180649
2432,2011,NJ,2,20490
2433,2011,NJ,3,714890
2434,2011,NJ,4,2112
2435,2011,NJ,5,192130
2436,2012,NJ,0,6121023
2437,2012,NJ,1,1187307
2438,2012,NJ,2,21702
2439,2012,NJ,3,736015
2440,2012,NJ,4,2592
2441,2012,NJ,5,208220
2442,2013,NJ,0,6108784
2443,2013,NJ,1,1197753
2444,2013,NJ,2,20482
2445,2013,NJ,3,756668
2446,2013,NJ,4,2610
2447,2013,NJ,5,217263
2448,2014,NJ,0,6094052
2449,2014,NJ,1,1201339
2450,2014,NJ,2,18921
2451,2014,NJ,3,779841
2452,2014,NJ,4,2671
2453,2014,NJ,5,220443
2454,2015,NJ,0,6083940
2455,2015,NJ,1,1202300
2456,2015,NJ,2,18335
2457,2015,NJ,3,804989
2458,2015,NJ,4,2808
2459,2015,NJ,5,223826
2460,2016,NJ,0,6075710
2461,2016,NJ,1,1207221
2462,2016,NJ,2,18470
2463,2016,NJ,3,819208
2464,2016,NJ,4,2811
2465,2016,NJ,5,225713
2466,2017,NJ,0,6085474
2467,2017,NJ,1,1207356
2468,2017,NJ,2,18006
2469,2017,NJ,3,844105
2470,2017,NJ,4,3013
2471,2017,NJ,5,229061
2472,2018,NJ,0,6031747
2473,2018,NJ,1,1196764
2474,2018,NJ,2,18649
2475,2018,NJ,3,832403
2476,2018,NJ,4,3357
2477,2018,NJ,5,230949
2478,2019,NJ,0,6018074
2479,2019,NJ,1,1194882
2480,2019,NJ,2,19711
2481,2019,NJ,3,840168
2482,2019,NJ,4,3458
2483,2019,NJ,5,243545
2484,2020,NJ,0,5820147
2485,2020,NJ,1,1189681
2486,2020,NJ,2,22288
2487,2020,NJ,3,857873
2488,2020,NJ,4,3156
2489,2020,NJ,5,427611
2490,2021,NJ,0,5787873
2491,2021,NJ,1,1225321
2492,2021,NJ,2,24719
2493,2021,NJ,3,900516
2494,2021,NJ,4,3303
2495,2021,NJ,5,617270
2496,2009,NM,0,1381186
2497,2009,NM,1,43332
2498,2009,NM,2,183098
2499,2009,NM,3,26774
2500,2009,NM,4,971
2501,2009,NM,5,63085
2502,2010,NM,0,1433955
2503,2010,NM,1,39935
2504,2010,NM,2,188217
2505,2010,NM,3,27463
2506,2010,NM,4,1088
2507,2010,NM,5,61309
2508,2011,NM,0,1467191
2509,2011,NM,1,41082
2510,2011,NM,2,188613
2511,2011,NM,3,27214
2512,2011,NM,4,1157
2513,2011,NM,5,61687
2514,2012,NM,0,1492641
2515,2012,NM,1,41634
2516,2012,NM,2,189785
2517,2012,NM,3,26855
2518,2012,NM,4,1344
2519,2012,NM,5,62839
2520,2013,NM,0,1511087
2521,2013,NM,1,42196
2522,2013,NM,2,189953
2523,2013,NM,3,28034
2524,2013,NM,4,1477
2525,2013,NM,5,63618
2526,2014,NM,0,1521876
2527,2014,NM,1,42515
2528,2014,NM,2,190350
2529,2014,NM,3,28578
2530,2014,NM,4,1271
2531,2014,NM,5,65097
2532,2015,NM,0,1524911
2533,2015,NM,1,43738
2534,2015,NM,2,190528
2535,2015,NM,3,28761
2536,2015,NM,4,1276
2537,2015,NM,5,68053
2538,2016,NM,0,1530636
2539,2016,NM,1,41957
2540,2016,NM,2,193295
2541,2016,NM,3,29168
2542,2016,NM,4,1340
2543,2016,NM,5,67797
2544,2017,NM,0,1547843
2545,2017,NM,1,42187
2546,2017,NM,2,197191
2547,2017,NM,3,29991
2548,2017,NM,4,1390
2549,2017,NM,5,68282
2550,2018,NM,0,1558886
2551,2018,NM,1,43006
2552,2018,NM,2,199896
2553,2018,NM,3,31513
2554,2018,NM,4,1514
2555,2018,NM,5,67508
2556,2019,NM,0,1565366
2557,2019,NM,1,44120
2558,2019,NM,2,199845
2559,2019,NM,3,32577
2560,2019,NM,4,1644
2561,2019,NM,5,68264
2562,2020,NM,0,1467849
2563,2020,NM,1,43476
2564,2020,NM,2,195166
2565,2020,NM,3,33695
2566,2020,NM,4,1853
2567,2020,NM,5,170302
2568,2021,NM,0,1364638
2569,2021,NM,1,44792
2570,2021,NM,2,197712
2571,2021,NM,3,34313
2572,2021,NM,4,1705
2573,2021,NM,5,261464
2574,2009,NV,0,1909349
2575,2009,NV,1,190093
2576,2009,NV,2,30501
2577,2009,NV,3,157280
2578,2009,NV,4,12409
2579,2009,NV,5,83678
2580,2010,NV,0,1938033
2581,2010,NV,1,207567
2582,2010,NV,2,28403
2583,2010,NV,3,183979
2584,2010,NV,4,15526
2585,2010,NV,5,92441
2586,2011,NV,0,1960913
2587,2011,NV,1,214360
2588,2011,NV,2,29344
2589,2011,NV,3,190079
2590,2011,NV,4,16391
2591,2011,NV,5,96094
2592,2012,NV,0,1970074
2593,2012,NV,1,218305
2594,2012,NV,2,30061
2595,2012,NV,3,196245
2596,2012,NV,4,16472
2597,2012,NV,5,103745
2598,2013,NV,0,1948808
2599,2013,NV,1,224424
2600,2013,NV,2,29446
2601,2013,NV,3,202157
2602,2013,NV,4,16841
2603,2013,NV,5,108275
2604,2014,NV,0,1935379
2605,2014,NV,1,229638
2606,2014,NV,2,30155
2607,2014,NV,3,207610
2608,2014,NV,4,17207
2609,2014,NV,5,116058
2610,2015,NV,0,1929661
2611,2015,NV,1,235721
2612,2015,NV,2,31393
2613,2015,NV,3,214846
2614,2015,NV,4,17942
2615,2015,NV,5,122935
2616,2016,NV,0,1933057
2617,2016,NV,1,243552
2618,2016,NV,2,31927
2619,2016,NV,3,222612
2620,2016,NV,4,18334
2621,2016,NV,5,129036
2622,2017,NV,0,1936453
2623,2017,NV,1,253013
2624,2017,NV,2,32426
2625,2017,NV,3,232502
2626,2017,NV,4,19019
2627,2017,NV,5,134335
2628,2018,NV,0,1935103
2629,2018,NV,1,261123
2630,2018,NV,2,35845
2631,2018,NV,3,234693
2632,2018,NV,4,19352
2633,2018,NV,5,140499
2634,2019,NV,0,1949707
2635,2019,NV,1,271005
2636,2019,NV,2,38026
2637,2019,NV,3,242267
2638,2019,NV,4,20022
2639,2019,NV,5,146408
2640,2020,NV,0,1881048
2641,2020,NV,1,282722
2642,2020,NV,2,37715
2643,2020,NV,3,252314
2644,2020,NV,4,21398
2645,2020,NV,5,228481
2646,2021,NV,0,1799601
2647,2021,NV,1,284412
2648,2021,NV,2,37850
2649,2021,NV,3,255094
2650,2021,NV,4,21810
2651,2021,NV,5,315256
2652,2009,NY,0,13031404
2653,2009,NY,1,3024739
2654,2009,NY,2,64950
2655,2009,NY,3,1319787
2656,2009,NY,4,5378
2657,2009,NY,5,358501
2658,2010,NY,0,12764402
2659,2010,NY,1,2990591
2660,2010,NY,2,66876
2661,2010,NY,3,1392380
2662,2010,NY,4,5334
2663,2010,NY,5,402373
2664,2011,NY,0,12768805
2665,2011,NY,1,3013740
2666,2011,NY,2,67766
2667,2011,NY,3,1415147
2668,2011,NY,4,6706
2669,2011,NY,5,441667
2670,2012,NY,0,12808268
2671,2012,NY,1,3037255
2672,2012,NY,2,69500
2673,2012,NY,3,1445539
2674,2012,NY,4,6477
2675,2012,NY,5,474066
2676,2013,NY,0,12779326
2677,2013,NY,1,3042152
2678,2013,NY,2,72740
2679,2013,NY,3,1479326
2680,2013,NY,4,7365
2681,2013,NY,5,510429
2682,2014,NY,0,12733518
2683,2014,NY,1,3060048
2684,2014,NY,2,74572
2685,2014,NY,3,1522549
2686,2014,NY,4,6258
2687,2014,NY,5,548262
2688,2015,NY,0,12704637
2689,2015,NY,1,3070392
2690,2015,NY,2,74793
2691,2015,NY,3,1570223
2692,2015,NY,4,6485
2693,2015,NY,5,560879
2694,2016,NY,0,12667413
2695,2016,NY,1,3073278
2696,2016,NY,2,75751
2697,2016,NY,3,1599216
2698,2016,NY,4,7528
2699,2016,NY,5,576440
2700,2017,NY,0,12638791
2701,2017,NY,1,3100685
2702,2017,NY,2,77130
2703,2017,NY,3,1652846
2704,2017,NY,4,7937
2705,2017,NY,5,590026
2706,2018,NY,0,12514949
2707,2018,NY,1,3068099
2708,2018,NY,2,79644
2709,2018,NY,3,1630341
2710,2018,NY,4,8017
2711,2018,NY,5,599183
2712,2019,NY,0,12459687
2713,2019,NY,1,3065471
2714,2019,NY,2,79512
2715,2019,NY,3,1647606
2716,2019,NY,4,8821
2717,2019,NY,5,616257
2718,2020,NY,0,12160045
2719,2020,NY,1,3002401
2720,2020,NY,2,76535
2721,2020,NY,3,1674216
2722,2020,NY,4,9376
2723,2020,NY,5,921553
2724,2021,NY,0,12215118
2725,2021,NY,1,3058846
2726,2021,NY,2,83734
2727,2021,NY,3,1739196
2728,2021,NY,4,9131
2729,2021,NY,5,1200713
2730,2009,OH,0,9669759
2731,2009,OH,1,1349893
2732,2009,OH,2,21960
2733,2009,OH,3,173463
2734,2009,OH,4,2870
2735,2009,OH,5,193106
2736,2010,OH,0,9598726
2737,2010,OH,1,1391240
2738,2010,OH,2,22785
2739,2010,OH,3,186464
2740,2010,OH,4,2162
2741,2010,OH,5,212840
2742,2011,OH,0,9592249
2743,2011,OH,1,1395378
2744,2011,OH,2,21194
2745,2011,OH,3,190485
2746,2011,OH,4,2162
2747,2011,OH,5,229242
2748,2012,OH,0,9577732
2749,2012,OH,1,1403238
2750,2012,OH,2,21447
2751,2012,OH,3,196395
2752,2012,OH,4,2164
2753,2012,OH,5,242289
2754,2013,OH,0,9569431
2755,2013,OH,1,1402897
2756,2013,OH,2,20709
2757,2013,OH,3,201394
2758,2013,OH,4,2402
2759,2013,OH,5,259004
2760,2014,OH,0,9549343
2761,2014,OH,1,1407493
2762,2014,OH,2,21077
2763,2014,OH,3,208725
2764,2014,OH,4,2893
2765,2014,OH,5,274026
2766,2015,OH,0,9538328
2767,2015,OH,1,1412045
2768,2015,OH,2,21646
2769,2015,OH,3,216170
2770,2015,OH,4,3060
2771,2015,OH,5,287212
2772,2016,OH,0,9519506
2773,2016,OH,1,1421943
2774,2016,OH,2,21459
2775,2016,OH,3,224520
2776,2016,OH,4,3248
2777,2016,OH,5,298177
2778,2017,OH,0,9503779
2779,2017,OH,1,1428230
2780,2017,OH,2,21872
2781,2017,OH,3,235878
2782,2017,OH,4,3499
2783,2017,OH,5,312772
2784,2018,OH,0,9489832
2785,2018,OH,1,1438271
2786,2018,OH,2,23563
2787,2018,OH,3,249741
2788,2018,OH,4,3591
2789,2018,OH,5,327089
2790,2019,OH,0,9476047
2791,2019,OH,1,1446193
2792,2019,OH,2,22816
2793,2019,OH,3,258199
2794,2019,OH,4,3880
2795,2019,OH,5,335426
2796,2020,OH,0,9394878
2797,2020,OH,1,1442655
2798,2020,OH,2,20442
2799,2020,OH,3,268527
2800,2020,OH,4,3907
2801,2020,OH,5,415149
2802,2021,OH,0,9374538
2803,2021,OH,1,1452530
2804,2021,OH,2,18416
2805,2021,OH,3,276828
2806,2021,OH,4,3899
2807,2021,OH,5,502392
2808,2009,OK,0,2720673
2809,2009,OK,1,264756
2810,2009,OK,2,239130
2811,2009,OK,3,57788
2812,2009,OK,4,3565
2813,2009,OK,5,228236
2814,2010,OK,0,2720135
2815,2010,OK,1,267179
2816,2010,OK,2,259809
2817,2010,OK,3,61581
2818,2010,OK,4,3967
2819,2010,OK,5,263896
2820,2011,OK,0,2743563
2821,2011,OK,1,270192
2822,2011,OK,2,258295
2823,2011,OK,3,63471
2824,2011,OK,4,4257
2825,2011,OK,5,277969
2826,2012,OK,0,2766297
2827,2012,OK,1,270993
2828,2012,OK,2,261060
2829,2012,OK,3,65643
2830,2012,OK,4,4271
2831,2012,OK,5,287641
2832,2013,OK,0,2783609
2833,2013,OK,1,273421
2834,2013,OK,2,266509
2835,2013,OK,3,68161
2836,2013,OK,4,4283
2837,2013,OK,5,293976
2838,2014,OK,0,2799122
2839,2014,OK,1,277007
2840,2014,OK,2,274099
2841,2014,OK,3,71396
2842,2014,OK,4,4390
2843,2014,OK,5,296110
2844,2015,OK,0,2813794
2845,2015,OK,1,278571
2846,2015,OK,2,279276
2847,2015,OK,3,74570
2848,2015,OK,4,4701
2849,2015,OK,5,299936
2850,2016,OK,0,2823497
2851,2016,OK,1,281295
2852,2016,OK,2,286231
2853,2016,OK,3,77541
2854,2016,OK,4,4969
2855,2016,OK,5,299764
2856,2017,OK,0,2828569
2857,2017,OK,1,283821
2858,2017,OK,2,289871
2859,2017,OK,3,80670
2860,2017,OK,4,5543
2861,2017,OK,5,302091
2862,2018,OK,0,2837772
2863,2018,OK,1,287959
2864,2018,OK,2,294676
2865,2018,OK,3,83392
2866,2018,OK,4,4471
2867,2018,OK,5,303110
2868,2019,OK,0,2844070
2869,2019,OK,1,286356
2870,2019,OK,2,299621
2871,2019,OK,3,85239
2872,2019,OK,4,6260
2873,2019,OK,5,304615
2874,2020,OK,0,2809793
2875,2020,OK,1,287856
2876,2020,OK,2,303791
2877,2020,OK,3,87033
2878,2020,OK,4,6418
2879,2020,OK,5,344837
2880,2021,OK,0,2752553
2881,2021,OK,1,284536
2882,2021,OK,2,303792
2883,2021,OK,3,88601
2884,2021,OK,4,6760
2885,2021,OK,5,393387
2886,2009,OR,0,3214583
2887,2009,OR,1,64995
2888,2009,OR,2,59700
2889,2009,OR,3,129932
2890,2009,OR,4,9685
2891,2009,OR,5,123818
2892,2010,OR,0,3220250
2893,2010,OR,1,66427
2894,2010,OR,2,60612
2895,2010,OR,3,135518
2896,2010,OR,4,12100
2897,2010,OR,5,131193
2898,2011,OR,0,3245856
2899,2011,OR,1,68155
2900,2011,OR,2,57114
2901,2011,OR,3,139258
2902,2011,OR,4,13447
2903,2011,OR,5,135010
2904,2012,OR,0,3272707
2905,2012,OR,1,69377
2906,2012,OR,2,52637
2907,2012,OR,3,143652
2908,2012,OR,4,14132
2909,2012,OR,5,140039
2910,2013,OR,0,3297149
2911,2013,OR,1,70328
2912,2013,OR,2,47411
2913,2013,OR,3,147986
2914,2013,OR,4,14993
2915,2013,OR,5,145854
2916,2014,OR,0,3317668
2917,2014,OR,1,70700
2918,2014,OR,2,47155
2919,2014,OR,3,152259
2920,2014,OR,4,14513
2921,2014,OR,5,153814
2922,2015,OR,0,3352941
2923,2015,OR,1,72837
2924,2015,OR,2,46258
2925,2015,OR,3,156695
2926,2015,OR,4,15042
2927,2015,OR,5,162793
2928,2016,OR,0,3387825
2929,2016,OR,1,74012
2930,2016,OR,2,45233
2931,2016,OR,3,160155
2932,2016,OR,4,14936
2933,2016,OR,5,175541
2934,2017,OR,0,3416776
2935,2017,OR,1,76347
2936,2017,OR,2,45332
2937,2017,OR,3,166351
2938,2017,OR,4,15157
2939,2017,OR,5,184164
2940,2018,OR,0,3445933
2941,2018,OR,1,77789
2942,2018,OR,2,46961
2943,2018,OR,3,174510
2944,2018,OR,4,16006
2945,2018,OR,5,193660
2946,2019,OR,0,3480920
2947,2019,OR,1,78679
2948,2019,OR,2,48060
2949,2019,OR,3,180580
2950,2019,OR,4,16625
2951,2019,OR,5,198352
2952,2020,OR,0,3449081
2953,2020,OR,1,79117
2954,2020,OR,2,45683
2955,2020,OR,3,187801
2956,2020,OR,4,16445
2957,2020,OR,5,257972
2958,2021,OR,0,3394838
2959,2021,OR,1,77913
2960,2021,OR,2,46075
2961,2021,OR,3,186724
2962,2021,OR,4,17272
2963,2021,OR,5,325612
2964,2009,PA,0,10482799
2965,2009,PA,1,1300350
2966,2009,PA,2,16740
2967,2009,PA,3,296150
2968,2009,PA,4,3026
2969,2009,PA,5,168386
2970,2010,PA,0,10460096
2971,2010,PA,1,1347052
2972,2010,PA,2,18205
2973,2010,PA,3,332435
2974,2010,PA,4,3012
2975,2010,PA,5,196836
2976,2011,PA,0,10473096
2977,2011,PA,1,1358759
2978,2011,PA,2,18065
2979,2011,PA,3,341880
2980,2011,PA,4,2785
2981,2011,PA,5,215515
2982,2012,PA,0,10475818
2983,2012,PA,1,1372144
2984,2012,PA,2,19247
2985,2012,PA,3,351626
2986,2012,PA,4,3821
2987,2012,PA,5,232597
2988,2013,PA,0,10467433
2989,2013,PA,1,1385799
2990,2013,PA,2,20258
2991,2013,PA,3,363967
2992,2013,PA,4,3510
2993,2013,PA,5,243574
2994,2014,PA,0,10449680
2995,2014,PA,1,1395718
2996,2014,PA,2,22951
2997,2014,PA,3,377735
2998,2014,PA,4,3740
2999,2014,PA,5,259758
3000,2015,PA,0,10430142
3001,2015,PA,1,1403143
3002,2015,PA,2,23641
3003,2015,PA,3,392595
3004,2015,PA,4,4279
3005,2015,PA,5,272689
3006,2016,PA,0,10402743
3007,2016,PA,1,1410563
3008,2016,PA,2,24947
3009,2016,PA,3,401979
3010,2016,PA,4,4463
3011,2016,PA,5,285768
3012,2017,PA,0,10378174
3013,2017,PA,1,1417611
3014,2017,PA,2,24995
3015,2017,PA,3,417525
3016,2017,PA,4,3665
3017,2017,PA,5,297320
3018,2018,PA,0,10341442
3019,2018,PA,1,1423319
3020,2018,PA,2,24847
3021,2018,PA,3,427892
3022,2018,PA,4,4107
3023,2018,PA,5,310880
3024,2019,PA,0,10300602
3025,2019,PA,1,1430664
3026,2019,PA,2,24691
3027,2019,PA,3,436324
3028,2019,PA,4,4198
3029,2019,PA,5,319874
3030,2020,PA,0,10155004
3031,2020,PA,1,1419582
3032,2020,PA,2,20798
3033,2020,PA,3,449320
3034,2020,PA,4,4268
3035,2020,PA,5,433025
3036,2021,PA,0,10153752
3037,2021,PA,1,1425210
3038,2021,PA,2,20511
3039,2021,PA,3,460932
3040,2021,PA,4,4426
3041,2021,PA,5,555201
3042,2009,RI,0,875224
3043,2009,RI,1,57658
3044,2009,RI,2,4520
3045,2009,RI,3,29067
3046,2009,RI,4,257
3047,2009,RI,5,21168
3048,2010,RI,0,866678
3049,2010,RI,1,62082
3050,2010,RI,2,4521
3051,2010,RI,3,30991
3052,2010,RI,4,357
3053,2010,RI,5,23479
3054,2011,RI,0,863294
3055,2011,RI,1,62682
3056,2011,RI,2,4606
3057,2011,RI,3,31476
3058,2011,RI,4,459
3059,2011,RI,5,25028
3060,2012,RI,0,859686
3061,2012,RI,1,64711
3062,2012,RI,2,4784
3063,2012,RI,3,31863
3064,2012,RI,4,350
3065,2012,RI,5,26786
3066,2013,RI,0,855594
3067,2013,RI,1,66569
3068,2013,RI,2,4616
3069,2013,RI,3,32384
3070,2013,RI,4,383
3071,2013,RI,5,27547
3072,2014,RI,0,856605
3073,2014,RI,1,66827
3074,2014,RI,2,4951
3075,2014,RI,3,32994
3076,2014,RI,4,536
3077,2014,RI,5,29345
3078,2015,RI,0,854859
3079,2015,RI,1,68243
3080,2015,RI,2,5106
3081,2015,RI,3,34213
3082,2015,RI,4,373
3083,2015,RI,5,29782
3084,2016,RI,0,854026
3085,2016,RI,1,68886
3086,2016,RI,2,5130
3087,2016,RI,3,34598
3088,2016,RI,4,575
3089,2016,RI,5,30058
3090,2017,RI,0,854801
3091,2017,RI,1,68346
3092,2017,RI,2,5413
3093,2017,RI,3,35556
3094,2017,RI,4,759
3095,2017,RI,5,31296
3096,2018,RI,0,854502
3097,2018,RI,1,69254
3098,2018,RI,2,5484
3099,2018,RI,3,35663
3100,2018,RI,4,863
3101,2018,RI,5,32709
3102,2019,RI,0,850597
3103,2019,RI,1,71561
3104,2019,RI,2,5277
3105,2019,RI,3,35958
3106,2019,RI,4,810
3107,2019,RI,5,35221
3108,2020,RI,0,835608
3109,2020,RI,1,69196
3110,2020,RI,2,4344
3111,2020,RI,3,36536
3112,2020,RI,4,790
3113,2020,RI,5,52321
3114,2021,RI,0,841181
3115,2021,RI,1,69398
3116,2021,RI,2,4437
3117,2021,RI,3,37701
3118,2021,RI,4,689
3119,2021,RI,5,71968
3120,2009,SC,0,2977453
3121,2009,SC,1,1245855
3122,2009,SC,2,13825
3123,2009,SC,3,53258
3124,2009,SC,4,2130
3125,2009,SC,5,58451
3126,2010,SC,0,3034000
3127,2010,SC,1,1269484
3128,2010,SC,2,14095
3129,2010,SC,3,54288
3130,2010,SC,4,2053
3131,2010,SC,5,66819
3132,2011,SC,0,3075318
3133,2011,SC,1,1281627
3134,2011,SC,2,14939
3135,2011,SC,3,56575
3136,2011,SC,4,1920
3137,2011,SC,5,72080
3138,2012,SC,0,3108466
3139,2012,SC,1,1290704
3140,2012,SC,2,15122
3141,2012,SC,3,57635
3142,2012,SC,4,1791
3143,2012,SC,5,81422
3144,2013,SC,0,3144146
3145,2013,SC,1,1298534
3146,2013,SC,2,14732
3147,2013,SC,3,61097
3148,2013,SC,4,2128
3149,2013,SC,5,84835
3150,2014,SC,0,3176381
3151,2014,SC,1,1305347
3152,2014,SC,2,15137
3153,2014,SC,3,63199
3154,2014,SC,4,2326
3155,2014,SC,5,90899
3156,2015,SC,0,3210708
3157,2015,SC,1,1315058
3158,2015,SC,2,14966
3159,2015,SC,3,66982
3160,2015,SC,4,2588
3161,2015,SC,5,93950
3162,2016,SC,0,3252252
3163,2016,SC,1,1322368
3164,2016,SC,2,15417
3165,2016,SC,3,68553
3166,2016,SC,4,2784
3167,2016,SC,5,100082
3168,2017,SC,0,3292598
3169,2017,SC,1,1332110
3170,2017,SC,2,14992
3171,2017,SC,3,71994
3172,2017,SC,4,3015
3173,2017,SC,5,104407
3174,2018,SC,0,3332986
3175,2018,SC,1,1339360
3176,2018,SC,2,16686
3177,2018,SC,3,75084
3178,2018,SC,4,3004
3179,2018,SC,5,110208
3180,2019,SC,0,3372011
3181,2019,SC,1,1344139
3182,2019,SC,2,17645
3183,2019,SC,3,78805
3184,2019,SC,4,4002
3185,2019,SC,5,115930
3186,2020,SC,0,3386329
3187,2020,SC,1,1346560
3188,2020,SC,2,16951
3189,2020,SC,3,83573
3190,2020,SC,4,3633
3191,2020,SC,5,151711
3192,2021,SC,0,3334961
3193,2021,SC,1,1328691
3194,2021,SC,2,15595
3195,2021,SC,3,83441
3196,2021,SC,4,4545
3197,2021,SC,5,201774
3198,2009,SD,0,693239
3199,2009,SD,1,7547
3200,2009,SD,2,66667
3201,2009,SD,3,6931
3202,2009,SD,4,204
3203,2009,SD,5,14951
3204,2010,SD,0,692330
3205,2010,SD,1,8874
3206,2010,SD,2,68215
3207,2010,SD,3,7126
3208,2010,SD,4,241
3209,2010,SD,5,15551
3210,2011,SD,0,697042
3211,2011,SD,1,9347
3212,2011,SD,2,69154
3213,2011,SD,3,7672
3214,2011,SD,4,197
3215,2011,SD,5,17451
3216,2012,SD,0,701466
3217,2012,SD,1,10331
3218,2012,SD,2,71532
3219,2012,SD,3,8060
3220,2012,SD,4,157
3221,2012,SD,5,17309
3222,2013,SD,0,706667
3223,2013,SD,1,11531
3224,2013,SD,2,71766
3225,2013,SD,3,8597
3226,2013,SD,4,226
3227,2013,SD,5,19197
3228,2014,SD,0,712496
3229,2014,SD,1,12642
3230,2014,SD,2,72016
3231,2014,SD,3,9433
3232,2014,SD,4,229
3233,2014,SD,5,20693
3234,2015,SD,0,716691
3235,2015,SD,1,13133
3236,2015,SD,2,72619
3237,2015,SD,3,10152
3238,2015,SD,4,332
3239,2015,SD,5,22323
3240,2016,SD,0,721410
3241,2016,SD,1,14078
3242,2016,SD,2,74187
3243,2016,SD,3,11351
3244,2016,SD,4,313
3245,2016,SD,5,22239
3246,2017,SD,0,724430
3247,2017,SD,1,14698
3248,2017,SD,2,74062
3249,2017,SD,3,11693
3250,2017,SD,4,381
3251,2017,SD,5,23493
3252,2018,SD,0,730062
3253,2018,SD,1,16241
3254,2018,SD,2,75331
3255,2018,SD,3,12660
3256,2018,SD,4,293
3257,2018,SD,5,23089
3258,2019,SD,0,733719
3259,2019,SD,1,17531
3260,2019,SD,2,76190
3261,2019,SD,3,12627
3262,2019,SD,4,504
3263,2019,SD,5,22837
3264,2020,SD,0,735228
3265,2020,SD,1,18836
3266,2020,SD,2,74975
3267,2020,SD,3,12413
3268,2020,SD,4,544
3269,2020,SD,5,30020
3270,2021,SD,0,728526
3271,2021,SD,1,19300
3272,2021,SD,2,73296
3273,2021,SD,3,12677
3274,2021,SD,4,753
3275,2021,SD,5,38519
3276,2009,TN,0,4875744
3277,2009,TN,1,1016050
3278,2009,TN,2,15614
3279,2009,TN,3,82317
3280,2009,TN,4,3116
3281,2009,TN,5,86209
3282,2010,TN,0,4910745
3283,2010,TN,1,1037376
3284,2010,TN,2,15237
3285,2010,TN,3,87257
3286,2010,TN,4,2987
3287,2010,TN,5,95310
3288,2011,TN,0,4949985
3289,2011,TN,1,1048714
3290,2011,TN,2,15285
3291,2011,TN,3,90471
3292,2011,TN,4,3097
3293,2011,TN,5,101088
3294,2012,TN,0,4982977
3295,2012,TN,1,1060494
3296,2012,TN,2,15991
3297,2012,TN,3,92800
3298,2012,TN,4,2765
3299,2012,TN,5,109927
3300,2013,TN,0,5007014
3301,2013,TN,1,1073534
3302,2013,TN,2,16604
3303,2013,TN,3,95801
3304,2013,TN,4,3110
3305,2013,TN,5,113243
3306,2014,TN,0,5029109
3307,2014,TN,1,1082001
3308,2014,TN,2,17656
3309,2014,TN,3,98441
3310,2014,TN,4,3256
3311,2014,TN,5,122662
3312,2015,TN,0,5059894
3313,2015,TN,1,1091070
3314,2015,TN,2,17802
3315,2015,TN,3,102027
3316,2015,TN,4,3323
3317,2015,TN,5,128760
3318,2016,TN,0,5096733
3319,2016,TN,1,1100577
3320,2016,TN,2,18757
3321,2016,TN,3,105368
3322,2016,TN,4,3299
3323,2016,TN,5,133210
3324,2017,TN,0,5131786
3325,2017,TN,1,1107392
3326,2017,TN,2,17568
3327,2017,TN,3,110605
3328,2017,TN,4,3784
3329,2017,TN,5,137501
3330,2018,TN,0,5166231
3331,2018,TN,1,1117489
3332,2018,TN,2,17848
3333,2018,TN,3,112915
3334,2018,TN,4,3806
3335,2018,TN,5,142134
3336,2019,TN,0,5205132
3337,2019,TN,1,1124473
3338,2019,TN,2,18189
3339,2019,TN,3,117600
3340,2019,TN,4,3771
3341,2019,TN,5,147536
3342,2020,TN,0,5196680
3343,2020,TN,1,1128806
3344,2020,TN,2,17178
3345,2020,TN,3,122897
3346,2020,TN,4,3959
3347,2020,TN,5,198988
3348,2021,TN,0,5198206
3349,2021,TN,1,1130608
3350,2021,TN,2,15219
3351,2021,TN,3,125581
3352,2021,TN,4,4312
3353,2021,TN,5,261593
3354,2009,TX,0,17111322
3355,2009,TX,1,2738904
3356,2009,TX,2,121241
3357,2009,TX,3,810844
3358,2009,TX,4,19237
3359,2009,TX,5,458091
3360,2010,TX,0,17503446
3361,2010,TX,1,2864666
3362,2010,TX,2,119680
3363,2010,TX,3,904831
3364,2010,TX,4,19005
3365,2010,TX,5,488717
3366,2011,TX,0,18093212
3367,2011,TX,1,2917108
3368,2011,TX,2,125101
3369,2011,TX,3,939558
3370,2011,TX,4,19966
3371,2011,TX,5,524082
3372,2012,TX,0,18670767
3373,2012,TX,1,2972834
3374,2012,TX,2,127794
3375,2012,TX,3,979385
3376,2012,TX,4,20671
3377,2012,TX,5,554343
3378,2013,TX,0,19075100
3379,2013,TX,1,3030970
3380,2013,TX,2,129219
3381,2013,TX,3,1019260
3382,2013,TX,4,20974
3383,2013,TX,5,590326
3384,2014,TX,0,19499105
3385,2014,TX,1,3094227
3386,2014,TX,2,127236
3387,2014,TX,3,1067008
3388,2014,TX,4,21867
3389,2014,TX,5,620302
3390,2015,TX,0,19874610
3391,2015,TX,1,3152917
3392,2015,TX,2,126493
3393,2015,TX,3,1124011
3394,2015,TX,4,21655
3395,2015,TX,5,653062
3396,2016,TX,0,20174403
3397,2016,TX,1,3221133
3398,2016,TX,2,128145
3399,2016,TX,3,1175423
3400,2016,TX,4,22248
3401,2016,TX,5,673400
3402,2017,TX,0,20459525
3403,2017,TX,1,3286950
3404,2017,TX,2,130360
3405,2017,TX,3,1236852
3406,2017,TX,4,23531
3407,2017,TX,5,702001
3408,2018,TX,0,20720689
3409,2018,TX,1,3365783
3410,2018,TX,2,136061
3411,2018,TX,3,1308257
3412,2018,TX,4,23672
3413,2018,TX,5,730499
3414,2019,TX,0,20903375
3415,2019,TX,1,3428211
3416,2019,TX,2,141425
3417,2019,TX,3,1357273
3418,2019,TX,4,25292
3419,2019,TX,5,761411
3420,2020,TX,0,19805623
3421,2020,TX,1,3464424
3422,2020,TX,2,137921
3423,2020,TX,3,1415664
3424,2020,TX,4,25328
3425,2020,TX,5,1998084
3426,2021,TX,0,18566027
3427,2021,TX,1,3499862
3428,2021,TX,2,147892
3429,2021,TX,3,1452713
3430,2021,TX,4,24608
3431,2021,TX,5,3152085
3432,2009,UT,0,2376805
3433,2009,UT,1,27229
3434,2009,UT,2,32008
3435,2009,UT,3,52964
3436,2009,UT,4,20531
3437,2009,UT,5,52481
3438,2010,UT,0,2375876
3439,2010,UT,1,27030
3440,2010,UT,2,30831
3441,2010,UT,3,53046
3442,2010,UT,4,23944
3443,2010,UT,5,55584
3444,2011,UT,0,2426175
3445,2011,UT,1,29056
3446,2011,UT,2,30842
3447,2011,UT,3,54866
3448,2011,UT,4,25137
3449,2011,UT,5,60337
3450,2012,UT,0,2465277
3451,2012,UT,1,29912
3452,2012,UT,2,30823
3453,2012,UT,3,56081
3454,2012,UT,4,25766
3455,2012,UT,5,63332
3456,2013,UT,0,2487467
3457,2013,UT,1,31101
3458,2013,UT,2,31696
3459,2013,UT,3,58150
3460,2013,UT,4,26145
3461,2013,UT,5,66319
3462,2014,UT,0,2515352
3463,2014,UT,1,31163
3464,2014,UT,2,31999
3465,2014,UT,3,60631
3466,2014,UT,4,26491
3467,2014,UT,5,70463
3468,2015,UT,0,2544735
3469,2015,UT,1,31909
3470,2015,UT,2,31824
3471,2015,UT,3,64102
3472,2015,UT,4,26147
3473,2015,UT,5,74755
3474,2016,UT,0,2572595
3475,2016,UT,1,32512
3476,2016,UT,2,31686
3477,2016,UT,3,66039
3478,2016,UT,4,26411
3479,2016,UT,5,77810
3480,2017,UT,0,2600077
3481,2017,UT,1,33619
3482,2017,UT,2,32079
3483,2017,UT,3,67545
3484,2017,UT,4,26742
3485,2017,UT,5,83283
3486,2018,UT,0,2632056
3487,2018,UT,1,35862
3488,2018,UT,2,32657
3489,2018,UT,3,69810
3490,2018,UT,4,27096
3491,2018,UT,5,89879
3492,2019,UT,0,2676482
3493,2019,UT,1,36849
3494,2019,UT,2,33721
3495,2019,UT,3,71977
3496,2019,UT,4,27554
3497,2019,UT,5,94036
3498,2020,UT,0,2682881
3499,2020,UT,1,38059
3500,2020,UT,2,33222
3501,2020,UT,3,73190
3502,2020,UT,4,29450
3503,2020,UT,5,133651
3504,2021,UT,0,2704561
3505,2021,UT,1,38545
3506,2021,UT,2,33242
3507,2021,UT,3,75530
3508,2021,UT,4,29086
3509,2021,UT,5,182358
3510,2009,VA,0,5458832
3511,2009,VA,1,1510139
3512,2009,VA,2,22932
3513,2009,VA,3,371788
3514,2009,VA,4,5804
3515,2009,VA,5,159701
3516,2010,VA,0,5479975
3517,2010,VA,1,1532150
3518,2010,VA,2,24941
3519,2010,VA,3,416549
3520,2010,VA,4,5711
3521,2010,VA,5,180736
3522,2011,VA,0,5526985
3523,2011,VA,1,1545568
3524,2011,VA,2,25665
3525,2011,VA,3,430227
3526,2011,VA,4,5295
3527,2011,VA,5,198171
3528,2012,VA,0,5575445
3529,2012,VA,1,1561042
3530,2012,VA,2,25205
3531,2012,VA,3,443460
3532,2012,VA,4,5438
3533,2012,VA,5,219962
3534,2013,VA,0,5627076
3535,2013,VA,1,1568021
3536,2013,VA,2,24816
3537,2013,VA,3,457792
3538,2013,VA,4,5633
3539,2013,VA,5,237866
3540,2014,VA,0,5668363
3541,2014,VA,1,1577943
3542,2014,VA,2,23421
3543,2014,VA,3,475632
3544,2014,VA,4,5485
3545,2014,VA,5,255121
3546,2015,VA,0,5695147
3547,2015,VA,1,1589345
3548,2015,VA,2,22570
3549,2015,VA,3,492973
3550,2015,VA,4,5304
3551,2015,VA,5,268167
3552,2016,VA,0,5712958
3553,2016,VA,1,1596352
3554,2016,VA,2,21948
3555,2016,VA,3,502878
3556,2016,VA,4,5494
3557,2016,VA,5,279699
3558,2017,VA,0,5720209
3559,2017,VA,1,1605447
3560,2017,VA,2,22499
3561,2017,VA,3,520119
3562,2017,VA,4,5469
3563,2017,VA,5,291944
3564,2018,VA,0,5722660
3565,2018,VA,1,1613285
3566,2018,VA,2,22972
3567,2018,VA,3,531503
3568,2018,VA,4,5677
3569,2018,VA,5,309213
3570,2019,VA,0,5717617
3571,2019,VA,1,1621592
3572,2019,VA,2,23873
3573,2019,VA,3,541133
3574,2019,VA,4,6179
3575,2019,VA,5,320275
3576,2020,VA,0,5643436
3577,2020,VA,1,1620649
3578,2020,VA,2,22553
3579,2020,VA,3,570398
3580,2020,VA,4,5994
3581,2020,VA,5,405786
3582,2021,VA,0,5574307
3583,2021,VA,1,1631941
3584,2021,VA,2,24007
3585,2021,VA,3,578210
3586,2021,VA,4,5313
3587,2021,VA,5,503340
3588,2009,VT,0,595731
3589,2009,VT,1,4820
3590,2009,VT,2,1713
3591,2009,VT,3,6757
3592,2009,VT,4,82
3593,2009,VT,5,9260
3594,2010,VT,0,596947
3595,2010,VT,1,5494
3596,2010,VT,2,1832
3597,2010,VT,3,7396
3598,2010,VT,4,87
3599,2010,VT,5,10139
3600,2011,VT,0,596736
3601,2011,VT,1,5464
3602,2011,VT,2,1802
3603,2011,VT,3,7544
3604,2011,VT,4,155
3605,2011,VT,5,11141
3606,2012,VT,0,596251
3607,2012,VT,1,5804
3608,2012,VT,2,1855
3609,2012,VT,3,7891
3610,2012,VT,4,130
3611,2012,VT,5,11631
3612,2013,VT,0,595862
3613,2013,VT,1,6139
3614,2013,VT,2,1841
3615,2013,VT,3,7922
3616,2013,VT,4,145
3617,2013,VT,5,12251
3618,2014,VT,0,595385
3619,2014,VT,1,6435
3620,2014,VT,2,2008
3621,2014,VT,3,8200
3622,2014,VT,4,214
3623,2014,VT,5,12192
3624,2015,VT,0,594443
3625,2015,VT,1,6949
3626,2015,VT,2,2018
3627,2015,VT,3,8774
3628,2015,VT,4,249
3629,2015,VT,5,12169
3630,2016,VT,0,592965
3631,2016,VT,1,7404
3632,2016,VT,2,1984
3633,2016,VT,3,9212
3634,2016,VT,4,206
3635,2016,VT,5,12169
3636,2017,VT,0,590499
3637,2017,VT,1,7921
3638,2017,VT,2,2072
3639,2017,VT,3,9680
3640,2017,VT,4,206
3641,2017,VT,5,12061
3642,2018,VT,0,589546
3643,2018,VT,1,8058
3644,2018,VT,2,2106
3645,2018,VT,3,10579
3646,2018,VT,4,184
3647,2018,VT,5,12078
3648,2019,VT,0,587883
3649,2019,VT,1,8502
3650,2019,VT,2,2132
3651,2019,VT,3,10461
3652,2019,VT,4,325
3653,2019,VT,5,12600
3654,2020,VT,0,584360
3655,2020,VT,1,7964
3656,2020,VT,2,1873
3657,2020,VT,3,10126
3658,2020,VT,4,205
3659,2020,VT,5,17135
3660,2021,VT,0,596282
3661,2021,VT,1,8166
3662,2021,VT,2,1520
3663,2021,VT,3,10759
3664,2021,VT,4,165
3665,2021,VT,5,21622
3666,2009,WA,0,5201398
3667,2009,WA,1,220417
3668,2009,WA,2,91437
3669,2009,WA,3,424531
3670,2009,WA,4,28884
3671,2009,WA,5,244250
3672,2010,WA,0,5199167
3673,2010,WA,1,229885
3674,2010,WA,2,95212
3675,2010,WA,3,457771
3676,2010,WA,4,35706
3677,2010,WA,5,272139
3678,2011,WA,0,5256224
3679,2011,WA,1,233549
3680,2011,WA,2,94243
3681,2011,WA,3,470798
3682,2011,WA,4,37084
3683,2011,WA,5,292915
3684,2012,WA,0,5304864
3685,2012,WA,1,238255
3686,2012,WA,2,93416
3687,2012,WA,3,484047
3688,2012,WA,4,39246
3689,2012,WA,5,311316
3690,2013,WA,0,5350938
3691,2013,WA,1,245041
3692,2013,WA,2,94194
3693,2013,WA,3,498941
3694,2013,WA,4,40695
3695,2013,WA,5,324471
3696,2014,WA,0,5392302
3697,2014,WA,1,250484
3698,2014,WA,2,95117
3699,2014,WA,3,518072
3700,2014,WA,4,42608
3701,2014,WA,5,338963
3702,2015,WA,0,5434177
3703,2015,WA,1,253224
3704,2015,WA,2,93266
3705,2015,WA,3,535501
3706,2015,WA,4,44159
3707,2015,WA,5,360705
3708,2016,WA,0,5470566
3709,2016,WA,1,256990
3710,2016,WA,2,94026
3711,2016,WA,3,552032
3712,2016,WA,4,44870
3713,2016,WA,5,377703
3714,2017,WA,0,5500837
3715,2017,WA,1,261743
3716,2017,WA,2,94754
3717,2017,WA,3,578822
3718,2017,WA,4,46071
3719,2017,WA,5,394733
3720,2018,WA,0,5545997
3721,2018,WA,1,269854
3722,2018,WA,2,95048
3723,2018,WA,3,607429
3724,2018,WA,4,48043
3725,2018,WA,5,416795
3726,2019,WA,0,5581128
3727,2019,WA,1,281683
3728,2019,WA,2,94449
3729,2019,WA,3,631333
3730,2019,WA,4,49090
3731,2019,WA,5,433386
3732,2020,WA,0,5523881
3733,2020,WA,1,290245
3734,2020,WA,2,91766
3735,2020,WA,3,662902
3736,2020,WA,4,51117
3737,2020,WA,5,531976
3738,2021,WA,0,5465011
3739,2021,WA,1,293401
3740,2021,WA,2,90789
3741,2021,WA,3,682711
3742,2021,WA,4,50902
3743,2021,WA,5,655594
3744,2009,WI,0,4911907
3745,2009,WI,1,332660
3746,2009,WI,2,48025
3747,2009,WI,3,115480
3748,2009,WI,4,1339
3749,2009,WI,5,81598
3750,2010,WI,0,4914551
3751,2010,WI,1,348662
3752,2010,WI,2,49189
3753,2010,WI,3,122442
3754,2010,WI,4,1553
3755,2010,WI,5,94070
3756,2011,WI,0,4941085
3757,2011,WI,1,352620
3758,2011,WI,2,48741
3759,2011,WI,3,125630
3760,2011,WI,4,1503
3761,2011,WI,5,101366
3762,2012,WI,0,4961852
3763,2012,WI,1,353470
3764,2012,WI,2,49289
3765,2012,WI,3,129550
3766,2012,WI,4,1302
3767,2012,WI,5,109310
3768,2013,WI,0,4966900
3769,2013,WI,1,355873
3770,2013,WI,2,49343
3771,2013,WI,3,132609
3772,2013,WI,4,1305
3773,2013,WI,5,115553
3774,2014,WI,0,4965198
3775,2014,WI,1,357758
3776,2014,WI,2,49563
3777,2014,WI,3,137404
3778,2014,WI,4,1303
3779,2014,WI,5,120776
3780,2015,WI,0,4967124
3781,2015,WI,1,360792
3782,2015,WI,2,50449
3783,2015,WI,3,143732
3784,2015,WI,4,1233
3785,2015,WI,5,122730
3786,2016,WI,0,4961193
3787,2016,WI,1,361730
3788,2016,WI,2,51459
3789,2016,WI,3,148077
3790,2016,WI,4,1378
3791,2016,WI,5,125923
3792,2017,WI,0,4950577
3793,2017,WI,1,365884
3794,2017,WI,2,50094
3795,2017,WI,3,152325
3796,2017,WI,4,1811
3797,2017,WI,5,131091
3798,2018,WI,0,4945966
3799,2018,WI,1,368744
3800,2018,WI,2,50422
3801,2018,WI,3,159356
3802,2018,WI,4,1975
3803,2018,WI,5,135990
3804,2019,WI,0,4946961
3805,2019,WI,1,371200
3806,2019,WI,2,51392
3807,2019,WI,3,161841
3808,2019,WI,4,2400
3809,2019,WI,5,138572
3810,2020,WI,0,4895065
3811,2020,WI,1,367889
3812,2020,WI,2,48674
3813,2020,WI,3,163396
3814,2020,WI,4,2672
3815,2020,WI,5,194564
3816,2021,WI,0,4894019
3817,2021,WI,1,372439
3818,2021,WI,2,45831
3819,2021,WI,3,166670
3820,2021,WI,4,2862
3821,2021,WI,5,259477
3822,2009,WV,0,1707128
3823,2009,WV,1,59677
3824,2009,WV,2,3008
3825,2009,WV,3,11459
3826,2009,WV,4,660
3827,2009,WV,5,25359
3828,2010,WV,0,1734615
3829,2010,WV,1,58968
3830,2010,WV,2,3139
3831,2010,WV,3,11482
3832,2010,WV,4,529
3833,2010,WV,5,27932
3834,2011,WV,0,1736461
3835,2011,WV,1,58296
3836,2011,WV,2,3052
3837,2011,WV,3,11809
3838,2011,WV,4,456
3839,2011,WV,5,32083
3840,2012,WV,0,1737369
3841,2012,WV,1,58260
3842,2012,WV,2,2934
3843,2012,WV,3,12694
3844,2012,WV,4,531
3845,2012,WV,5,34700
3846,2013,WV,0,1737996
3847,2013,WV,1,58489
3848,2013,WV,2,2955
3849,2013,WV,3,12806
3850,2013,WV,4,666
3851,2013,WV,5,35968
3852,2014,WV,0,1735816
3853,2014,WV,1,59129
3854,2014,WV,2,3075
3855,2014,WV,3,13144
3856,2014,WV,4,645
3857,2014,WV,5,36921
3858,2015,WV,0,1732235
3859,2015,WV,1,61367
3860,2015,WV,2,2953
3861,2015,WV,3,13485
3862,2015,WV,4,625
3863,2015,WV,5,36189
3864,2016,WV,0,1725411
3865,2016,WV,1,63305
3866,2016,WV,2,3281
3867,2016,WV,3,13990
3868,2016,WV,4,648
3869,2016,WV,5,33726
3870,2017,WV,0,1714591
3871,2017,WV,1,65300
3872,2017,WV,2,3322
3873,2017,WV,3,14096
3874,2017,WV,4,541
3875,2017,WV,5,31800
3876,2018,WV,0,1704345
3877,2018,WV,1,66728
3878,2018,WV,2,3668
3879,2018,WV,3,14534
3880,2018,WV,4,350
3881,2018,WV,5,32139
3882,2019,WV,0,1691600
3883,2019,WV,1,66990
3884,2019,WV,2,3667
3885,2019,WV,3,14523
3886,2019,WV,4,419
3887,2019,WV,5,32135
3888,2020,WV,0,1672255
3889,2020,WV,1,64285
3890,2020,WV,2,3146
3891,2020,WV,3,14228
3892,2020,WV,4,474
3893,2020,WV,5,43760
3894,2021,WV,0,1658405
3895,2021,WV,1,61143
3896,2021,WV,2,1911
3897,2021,WV,3,13882
3898,2021,WV,4,683
3899,2021,WV,5,55463
3900,2009,WY,0,479259
3901,2009,WY,1,4818
3902,2009,WY,2,11770
3903,2009,WY,3,3830
3904,2009,WY,4,180
3905,2009,WY,5,13022
3906,2010,WY,0,498326
3907,2010,WY,1,4135
3908,2010,WY,2,12786
3909,2010,WY,3,4138
3910,2010,WY,4,242
3911,2010,WY,5,14200
3912,2011,WY,0,506661
3913,2011,WY,1,4309
3914,2011,WY,2,12752
3915,2011,WY,3,3985
3916,2011,WY,4,204
3917,2011,WY,5,14879
3918,2012,WY,0,513021
3919,2012,WY,1,4689
3920,2012,WY,2,12951
3921,2012,WY,3,4392
3922,2012,WY,4,206
3923,2012,WY,5,15445
3924,2013,WY,0,518388
3925,2013,WY,1,5167
3926,2013,WY,2,13268
3927,2013,WY,3,4782
3928,2013,WY,4,197
3929,2013,WY,5,15841
3930,2014,WY,0,522535
3931,2014,WY,1,5958
3932,2014,WY,2,13144
3933,2014,WY,3,5377
3934,2014,WY,4,332
3935,2014,WY,5,15518
3936,2015,WY,0,527763
3937,2015,WY,1,6142
3938,2015,WY,2,12658
3939,2015,WY,3,5319
3940,2015,WY,4,423
3941,2015,WY,5,15489
3942,2016,WY,0,531851
3943,2016,WY,1,6435
3944,2016,WY,2,13033
3945,2016,WY,3,5385
3946,2016,WY,4,391
3947,2016,WY,5,15531
3948,2017,WY,0,532394
3949,2017,WY,1,6121
3950,2017,WY,2,13549
3951,2017,WY,3,5102
3952,2017,WY,4,470
3953,2017,WY,5,15317
3954,2018,WY,0,532008
3955,2018,WY,1,5540
3956,2018,WY,2,14053
3957,2018,WY,3,4756
3958,2018,WY,4,539
3959,2018,WY,5,15579
3960,2019,WY,0,531304
3961,2019,WY,1,5582
3962,2019,WY,2,14164
3963,2019,WY,3,5025
3964,2019,WY,4,596
3965,2019,WY,5,15521
3966,2020,WY,0,525246
3967,2020,WY,1,5079
3968,2020,WY,2,13117
3969,2020,WY,3,4892
3970,2020,WY,4,589
3971,2020,WY,5,22718
3972,2021,WY,0,511179
3973,2021,WY,1,5242
3974,2021,WY,2,12987
3975,2021,WY,3,5046
3976,2021,WY,4,433
3977,2021,WY,5,28437
